expt	isolator	mouse_or_well	(day, fastq)
E1	103	1		(0,Bt_barcodes_mouseexp1_Bt_set2_day0_S98)	(1,Bt_barcodes_mouseexp1_day1_m1_S147)	(2,Bt_barcodes_mouseexp1_day2_m1_S166)	(3,d3_m1_S170)	(4,d4_m1_S208)	(5,d5_m1_S246)	(6,d6_m1_S19)	(7,d7_m1_S49)	(9,Bt_barcodes_mouseexp1_day9_m1_S183)	(12,d12_m1_S79)	(14,d14_m1_S115)	(15,d15_m1_S151)	(16,Bt_barcodes_mouseexp1_day16_m1_S107)	(17,d17_m1_S182)	(18,d18_m1_S217)	(19,d19_m1_S2)	(20,d20_m1_S29)	(21,d21_m1_S58)	(22,Bt_barcodes_mouseexp1_day22_m1_S109)	(27,d27_m1_S92)	(29,Bt_barcodes_mouseexp1_day29_m1_S127)	(33,d33_m1_S93)	(36,d36_m1_S137)	(40,d40_m1_S132)	(54,sac_m1_S218)	(100,Bt_barcodes_mouseexp1_daysacsecum_m1_S130)
E1	103	2		(0,Bt_barcodes_mouseexp1_Bt_set2_day0_S98)	(1,Bt_barcodes_mouseexp1_day1_m2_S148)	(2,Bt_barcodes_mouseexp1_day2_m2_S181)	(3,d3_m2_S173)	(4,d4_m2_S211)	(5,d5_m2_S249)	(6,d6_m2_S22)	(7,d7_m2_S51)	(9,Bt_barcodes_mouseexp1_day9_m2_S184)	(12,d12_m2_S82)	(14,d14_m2_S118)	(15,d15_m2_S154)	(16,Bt_barcodes_mouseexp1_day16_m2_S108)	(18,d18_m2_S220)	(19,d19_m2_S4)	(20,d20_m2_S31)	(21,d21_m2_S60)	(22,Bt_barcodes_mouseexp1_day22_m2_S110)	(27,d27_m2_S95)	(29,Bt_barcodes_mouseexp1_day29_m2_S143)	(33,d33_m2_S96)	(36,d36_m2_S140)	(40,d40_m2_S135)	(54,sac_m2_S221)	(100,Bt_barcodes_mouseexp1_daysacsecum_m2_S145)
E1	103	3		(0,Bt_barcodes_mouseexp1_Bt_set2_day0_S98)	(1,Bt_barcodes_mouseexp1_day1_m3_S163)	(2,Bt_barcodes_mouseexp1_day2_m3_S182)	(3,d3_m3_S176)	(4,d4_m3_S214)	(5,d5_m3_S142)	(6,d6_m3_S24)	(7,d7_m3_S53)	(9,Bt_barcodes_mouseexp1_day9_m3_S105)	(12,d12_m3_S85)	(14,d14_m3_S121)	(15,d15_m3_S157)	(16,Bt_barcodes_mouseexp1_day16_m3_S123)	(17,d17_m3_S185)	(18,d18_m3_S223)	(19,d19_m3_S6)	(20,d20_m3_S33)	(21,d21_m3_S64)	(22,Bt_barcodes_mouseexp1_day22_m3_S126)	(27,d27_m3_S101)	(29,Bt_barcodes_mouseexp1_day29_m3_S144)	(33,d33_m3_S99)	(36,d36_m3_S144)	(40,d40_m3_S138)	(54,sac_m3_S224)	(100,Bt_barcodes_mouseexp1_daysacsecum_m3_S146)
E1	103	4		(0,Bt_barcodes_mouseexp1_Bt_set2_day0_S98)	(1,Bt_barcodes_mouseexp1_day1_m4_S164)	(2,Bt_barcodes_mouseexp1_day2_m4_S103)	(3,d3_m4_S179)	(4,d4_m4_S106)	(5,d5_m4_S1)	(6,d6_m4_S26)	(7,d7_m4_S55)	(9,Bt_barcodes_mouseexp1_day9_m4_S106)	(14,d14_m4_S124)	(15,d15_m4_S160)	(16,Bt_barcodes_mouseexp1_day16_m4_S124)	(17,d17_m4_S188)	(18,d18_m4_S226)	(19,d19_m4_S8)	(20,d20_m4_S37)	(21,d21_m4_S66)	(22,Bt_barcodes_mouseexp1_day22_m4_S141)	(27,d27_m4_S104)	(29,Bt_barcodes_mouseexp1_day29_m4_S159)	(33,d33_m4_S102)	(36,d36_m4_S147)	(40,d40_m4_S141)	(54,sac_m4_S227)	(100,Bt_barcodes_mouseexp1_daysacsecum_m4_S161)
E1	103	5		(0,Bt_barcodes_mouseexp1_Bt_set2_day0_S98)	(1,Bt_barcodes_mouseexp1_day1_m5_S179)	(2,Bt_barcodes_mouseexp1_day2_m5_S104)	(3,d3_m5_S71)	(4,d4_m5_S219)	(5,d5_m5_S3)	(6,d6_m5_S28)	(7,d7_m5_S57)	(9,Bt_barcodes_mouseexp1_day9_m5_S121)	(12,d12_m5_S88)	(14,d14_m5_S127)	(16,Bt_barcodes_mouseexp1_day16_m5_S139)	(17,d17_m5_S191)	(18,d18_m5_S229)	(19,d19_m5_S10)	(20,d20_m5_S39)	(21,d21_m5_S68)	(22,Bt_barcodes_mouseexp1_day22_m5_S142)	(27,d27_m5_S108)	(29,Bt_barcodes_mouseexp1_day29_m5_S160)	(33,d33_m5_S105)	(36,d36_m5_S149)	(40,d40_m5_S145)	(54,sac_m5_S230)	(100,Bt_barcodes_mouseexp1_daysacsecum_m5_S162)
E1	104	6		(0,Bt_barcodes_mouseexp1_Bt_set1_day0_S97)	(1,Bt_barcodes_mouseexp1_day1_m6_S180)	(2,Bt_barcodes_mouseexp1_day2_m6_S119)	(3,d3_m6_S184)	(4,d4_m6_S222)	(5,d5_m6_S5)	(6,d6_m6_S30)	(7,d7_m6_S61)	(9,Bt_barcodes_mouseexp1_day9_m6_S122)	(12,d12_m6_S94)	(14,d14_m6_S133)	(15,d15_m6_S162)	(16,Bt_barcodes_mouseexp1_day16_m6_S140)	(17,d17_m6_S194)	(18,d18_m6_S232)	(19,d19_m6_S12)	(20,d20_m6_S41)	(21,d21_m6_S70)	(22,Bt_barcodes_mouseexp1_day22_m6_S157)	(27,d27_m6_S111)	(29,Bt_barcodes_mouseexp1_day29_m6_S175)	(33,d33_m6_S109)	(36,d36_m6_S152)	(40,d40_m6_S46)	(54,sac_m6_S233)	(100,Bt_barcodes_mouseexp1_daysacsecum_m6_S177)
E1	104	7		(0,Bt_barcodes_mouseexp1_Bt_set1_day0_S97)	(1,Bt_barcodes_mouseexp1_day1_m7_S101)	(2,Bt_barcodes_mouseexp1_day2_m7_S120)	(3,d3_m7_S187)	(4,d4_m7_S225)	(5,d5_m7_S7)	(6,d6_m7_S34)	(7,d7_m7_S63)	(9,Bt_barcodes_mouseexp1_day9_m7_S137)	(12,d12_m7_S97)	(15,d15_m7_S165)	(16,Bt_barcodes_mouseexp1_day16_m7_S155)	(17,d17_m7_S197)	(18,d18_m7_S235)	(19,d19_m7_S14)	(20,d20_m7_S43)	(21,d21_m7_S73)	(22,Bt_barcodes_mouseexp1_day22_m7_S158)	(27,d27_m7_S113)	(29,Bt_barcodes_mouseexp1_day29_m7_S176)	(33,d33_m7_S21)	(36,d36_m7_S155)	(40,d40_m7_S150)	(54,sac_m7_S236)	(100,Bt_barcodes_mouseexp1_daysacsecum_m7_S178)
E1	104	8		(0,Bt_barcodes_mouseexp1_Bt_set1_day0_S97)	(1,Bt_barcodes_mouseexp1_day1_m8_S102)	(2,Bt_barcodes_mouseexp1_day2_m8_S135)	(3,d3_m8_S190)	(4,d4_m8_S228)	(5,d5_m8_S9)	(6,d6_m8_S36)	(7,d7_m8_S65)	(9,Bt_barcodes_mouseexp1_day9_m8_S138)	(12,d12_m8_S100)	(14,d14_m8_S136)	(15,d15_m8_S171)	(16,Bt_barcodes_mouseexp1_day16_m8_S156)	(17,d17_m8_S200)	(18,d18_m8_S238)	(19,d19_m8_S16)	(20,d20_m8_S45)	(21,d21_m8_S75)	(22,Bt_barcodes_mouseexp1_day22_m8_S173)	(27,d27_m8_S116)	(29,Bt_barcodes_mouseexp1_day29_m8_S191)	(33,d33_m8_S114)	(36,d36_m8_S158)	(40,d40_m8_S153)	(45,d45_m8_S175)	(46,d46_m8_S183)	(47,d47_m8_S192)	(48,d48_m8_S201)	(54,sac_m8_S239)	(100,Bt_barcodes_mouseexp1_daysacsecum_m8_S99)
E1	104	9		(0,Bt_barcodes_mouseexp1_Bt_set1_day0_S97)	(1,Bt_barcodes_mouseexp1_day1_m9_S117)	(2,Bt_barcodes_mouseexp1_day2_m9_S136)	(3,d3_m9_S193)	(4,d4_m9_S231)	(5,d5_m9_S11)	(6,d6_m9_S38)	(7,d7_m9_S67)	(9,Bt_barcodes_mouseexp1_day9_m9_S153)	(12,d12_m9_S103)	(14,d14_m9_S139)	(16,Bt_barcodes_mouseexp1_day16_m9_S171)	(17,d17_m9_S203)	(18,d18_m9_S241)	(19,d19_m9_S18)	(20,d20_m9_S48)	(21,d21_m9_S77)	(22,Bt_barcodes_mouseexp1_day22_m9_S174)	(27,d27_m9_S119)	(29,Bt_barcodes_mouseexp1_day29_m9_S192)	(33,d33_m9_S117)	(36,d36_m9_S161)	(40,d40_m9_S156)	(45,d45_m9_S178)	(46,d46_m9_S186)	(47,d47_m9_S195)	(48,d48_m9_S204)	(54,sac_m9_S242)	(100,Bt_barcodes_mouseexp1_daysacsecum_m9_S100)
E1	104	10		(0,Bt_barcodes_mouseexp1_Bt_set1_day0_S97)	(1,Bt_barcodes_mouseexp1_day1_m10_S118)	(2,Bt_barcodes_mouseexp1_day2_m10_S151)	(3,d3_m10_S196)	(4,d4_m10_S234)	(5,d5_m10_S13)	(6,d6_m10_S40)	(7,d7_m10_S69)	(9,Bt_barcodes_mouseexp1_day9_m10_S154)	(12,d12_m10_S107)	(14,d14_m10_S143)	(16,Bt_barcodes_mouseexp1_day16_m10_S172)	(17,d17_m10_S206)	(18,d18_m10_S244)	(19,d19_m10_S20)	(20,d20_m10_S50)	(21,d21_m10_S80)	(22,Bt_barcodes_mouseexp1_day22_m10_S189)	(27,d27_m10_S122)	(29,d29_m10_S78)	(33,d33_m10_S120)	(36,d36_m10_S163)	(40,d40_m10_S159)	(45,d45_m10_S181)	(46,d46_m10_S189)	(47,d47_m10_S198)	(48,d48_m10_S207)	(54,sac_m10_S245)	(100,Bt_barcodes_mouseexp1_daysacsecum_m10_S115)
E1	105	11		(0,Bt_barcodes_mouseexp1_Bt_set1_day0_S97)	(1,Bt_barcodes_mouseexp1_day1_m11_S133)	(2,Bt_barcodes_mouseexp1_day2_m11_S152)	(3,d3_m11_S199)	(4,d4_m11_S237)	(5,d5_m11_S15)	(6,d6_m11_S42)	(7,d7_m11_S72)	(9,Bt_barcodes_mouseexp1_day9_m11_S169)	(12,d12_m11_S110)	(14,d14_m11_S146)	(15,d15_m11_S174)	(16,Bt_barcodes_mouseexp1_day16_m11_S187)	(17,d17_m11_S209)	(18,d18_m11_S247)	(19,d19_m11_S23)	(20,d20_m11_S52)	(21,d21_m11_S83)	(22,Bt_barcodes_mouseexp1_day22_m11_S190)	(29,d29_m11_S81)	(33,d33_m11_S123)	(36,d36_m11_S166)	(100,Bt_barcodes_mouseexp1_daysacsecum_m11_S116)
E1	105	12		(0,Bt_barcodes_mouseexp1_Bt_set1_day0_S97)	(1,Bt_barcodes_mouseexp1_day1_m12_S149)	(2,Bt_barcodes_mouseexp1_day2_m12_S167)	(3,d3_m12_S202)	(4,d4_m12_S240)	(5,d5_m12_S17)	(6,d6_m12_S44)	(7,d7_m12_S74)	(9,Bt_barcodes_mouseexp1_day9_m12_S170)	(12,d12_m12_S112)	(14,d14_m12_S148)	(15,d15_m12_S177)	(16,Bt_barcodes_mouseexp1_day16_m12_S188)	(17,d17_m12_S212)	(19,d19_m12_S25)	(20,d20_m12_S54)	(21,d21_m12_S86)	(22,Bt_barcodes_mouseexp1_day22_m12_S111)	(29,d29_m12_S84)	(40,d40_m12_S250)	(100,Bt_barcodes_mouseexp1_daysacsecum_m12_S131)
E1	105	13		(0,Bt_barcodes_mouseexp1_Bt_set1_day0_S97)	(1,Bt_barcodes_mouseexp1_day1_m13_S150)	(2,Bt_barcodes_mouseexp1_day2_m13_S168)	(3,d3_m13_S205)	(4,d4_m13_S243)	(6,d6_m13_S47)	(7,d7_m13_S76)	(9,Bt_barcodes_mouseexp1_day9_m13_S185)	(15,d15_m13_S180)	(17,d17_m13_S215)	(19,d19_m13_S27)	(20,d20_m13_S56)	(21,d21_m13_S89)	(22,Bt_barcodes_mouseexp1_day22_m13_S112)	(27,d27_m13_S131)	(29,d29_m13_S87)	(33,d33_m13_S126)	(36,d36_m13_S169)	(40,d40_m13_S164)	(51,Bt_barcodes_mouseexp1_daysac_m13_S129)	(100,Bt_barcodes_mouseexp1_daysacsecum_m13_S132)
E2	113	1		(0,metagenome_me2_d0_S1_S1725)	(2,metagenome_mouseexp2_day2_113m1_S1046)	(3,metagenome_mouseexp2_day3_113m1_S1062)	(4,metagenome_mouseexp2_day4_113_m1_S1301)	(5,metagenome_mouseexp2_day5_113_m1_S1317)	(6,metagenome_mouseexp2_day6_113_m1_S1331)	(7,metagenome_mouseexp2_day7_113_m1_S1345)	(8,metagenome_mouseexp2_day8_113_m1_S1360)	(12,metagenome_mouseexp2_day12_113_m1_S1378)	(18,metagenome_mouseexp2_day18_113_m1_S1419)	(21,metagenome_mouseexp2_day21_113_m1_S1173)	(25,metagenome_mouseexp2_day25_113_m1_S1197)	(28,metagenome_mouseexp2_day28_113_m1_S1211)	(33,metagenome_mouseexp2_day33_113_m1_S1231)	(35,metagenome_mouseexp2_day35_113_m1_S1244)	(43,metagenome_mouseexp2_day43_113_m1_S1264)	(50,metagenome_mouseexp2_day50_113_m1_S1275)	(55,metagenome_mouseexp2_daysac_113m1_f_S1100)	(100,metagenome_mouseexp2_daysac_113m1_c_S1102)	(200,metagenome_mouseexp2_daysac_113m1_i_S1101)
E2	113	2		(0,metagenome_me2_d0_S2_S1737)	(2,metagenome_mouseexp2_day2_113m2_S1047)	(3,metagenome_mouseexp2_day3_113m2_S1063)	(4,metagenome_mouseexp2_day4_113_m2_S1302)	(5,metagenome_mouseexp2_day5_113_m2_S1318)	(6,metagenome_mouseexp2_day6_113_m2_S1332)	(7,metagenome_mouseexp2_day7_113_m2_S1346)	(15,metagenome_mouseexp2_day15_113_m2_S1401)	(18,metagenome_mouseexp2_day18_113_m2_S1420)	(28,metagenome_mouseexp2_day28_113_m2_S1212)	(35,metagenome_mouseexp2_day35_113_m2_S1245)	(43,metagenome_mouseexp2_day43_113_m2_S1265)	(50,metagenome_mouseexp2_day50_113_m2_S1276)	(55,metagenome_mouseexp2_daysac_113m2_f_S1103)	(100,metagenome_mouseexp2_daysac_113m2_c_S1105)	(200,metagenome_mouseexp2_daysac_113m2_i_S1104)
E2	113	3		(0,metagenome_me2_d0_S3_S1749)	(2,metagenome_mouseexp2_day2_113m3_S1048)	(3,metagenome_mouseexp2_day3_113m3_S1064)	(4,metagenome_mouseexp2_day4_113_m3_S1303)	(6,metagenome_mouseexp2_day6_113_m3_S1333)	(8,metagenome_mouseexp2_day8_113_m3_S1361)	(12,metagenome_mouseexp2_day12_113_m3_S1379)	(15,metagenome_mouseexp2_day15_113_m3_S1403)	(18,metagenome_mouseexp2_day18_113_m3_S1421)	(21,metagenome_mouseexp2_day21_113_m3_S1174)	(25,metagenome_mouseexp2_day25_113_m3_S1198)	(28,metagenome_mouseexp2_day28_113_m3_S1213)	(33,metagenome_mouseexp2_day33_113_m3_S1232)	(35,metagenome_mouseexp2_day35_113_m3_S1246)	(43,metagenome_mouseexp2_day43_113_m3_S1267)	(50,metagenome_mouseexp2_day50_113_m3_S1277)	(55,metagenome_mouseexp2_daysac_113m3_f_S1106)	(100,metagenome_mouseexp2_daysac_113m3_c_S1108)	(200,metagenome_mouseexp2_daysac_113m3_i_S1107)
E2	113	4		(0,metagenome_me2_d0_S4_S1761)	(2,metagenome_mouseexp2_day2_113m4_S1049)	(3,metagenome_mouseexp2_day3_113m4_S1065)	(4,metagenome_mouseexp2_day4_113_m4_S1304)	(5,metagenome_mouseexp2_day5_113_m4_S1319)	(6,metagenome_mouseexp2_day6_113_m4_S1334)	(7,metagenome_mouseexp2_day7_113_m4_S1347)	(8,metagenome_mouseexp2_day8_113_m4_S1362)	(12,metagenome_mouseexp2_day12_113_m4_S1380)	(15,metagenome_mouseexp2_day15_113_m4_S1404)	(18,metagenome_mouseexp2_day18_113_m4_S1422)	(21,metagenome_mouseexp2_day21_113_m4_S1175)	(25,metagenome_mouseexp2_day25_113_m4_S1199)	(28,metagenome_mouseexp2_day28_113_m4_S1214)	(33,metagenome_mouseexp2_day33_113_m4_S1233)	(35,metagenome_mouseexp2_day35_113_m4_S1247)	(43,metagenome_mouseexp2_day43_113_m4_S1268)	(50,metagenome_mouseexp2_day50_113_m4_S1278)	(55,metagenome_mouseexp2_daysac_113m4_f_S1109)	(100,metagenome_mouseexp2_daysac_113m4_c_S1112)	(200,metagenome_mouseexp2_daysac_113m4_i_S1110)
E2	113	5		(0,metagenome_me2_d0_S5_S1773)	(2,metagenome_mouseexp2_day2_113m5_S1050)	(3,metagenome_mouseexp2_day3_113m5_S1066)	(4,metagenome_mouseexp2_day4_113_m5_S1306)	(5,metagenome_mouseexp2_day5_113_m5_S1320)	(6,metagenome_mouseexp2_day6_113_m5_S1335)	(7,metagenome_mouseexp2_day7_113_m5_S1348)	(8,metagenome_mouseexp2_day8_113_m5_S1364)	(12,metagenome_mouseexp2_day12_113_m5_S1381)	(15,metagenome_mouseexp2_day15_113_m5_S1405)	(18,metagenome_mouseexp2_day18_113_m5_S1423)	(21,metagenome_mouseexp2_day21_113_m5_S1176)	(25,metagenome_mouseexp2_day25_113_m5_S1200)	(28,metagenome_mouseexp2_day28_113_m5_S1215)	(33,metagenome_mouseexp2_day33_113_m5_S1234)	(35,metagenome_mouseexp2_day35_113_m5_S1248)	(43,metagenome_mouseexp2_day43_113_m5_S1269)	(50,metagenome_mouseexp2_day50_113_m5_S1280)	(55,metagenome_mouseexp2_daysac_113m5_f_S1113)	(100,metagenome_mouseexp2_daysac_113m5_c_S1115)	(200,metagenome_mouseexp2_daysac_113m5_i_S1114)
E2	114	1		(0,metagenome_me2_d0_S1_S1725)	(2,metagenome_mouseexp2_day2_114m1_S1051)	(3,metagenome_mouseexp2_day3_114m1_S1067)	(4,metagenome_mouseexp2_day4_114_m1_S1307)	(5,metagenome_mouseexp2_day5_114_m1_S1321)	(6,metagenome_mouseexp2_day6_114_m1_S1336)	(7,metagenome_mouseexp2_day7_114_m1_S1349)	(8,metagenome_mouseexp2_day8_114_m1_S1365)	(12,metagenome_mouseexp2_day12_114_m1_S1382)	(15,metagenome_mouseexp2_day15_114_m1_S1406)	(18,metagenome_mouseexp2_day18_114_m1_S1424)	(21,metagenome_mouseexp2_day21_114_m1_S1177)	(25,metagenome_mouseexp2_day25_114_m1_S1201)	(28,metagenome_mouseexp2_day28_114_m1_S1216)	(35,metagenome_mouseexp2_day35_114_m1_S1249)	(55,metagenome_mouseexp2_daysac_114m1_f_S1116)	(100,metagenome_mouseexp2_daysac_114m1_c_S1118)	(200,metagenome_mouseexp2_daysac_114m1_i_S1117)
E2	114	2		(0,metagenome_me2_d0_S2_S1737)	(2,metagenome_mouseexp2_day2_114m2_S1052)	(3,metagenome_mouseexp2_day3_114m2_S1068)	(4,metagenome_mouseexp2_day4_114_m2_S1308)	(5,metagenome_mouseexp2_day5_114_m2_S1322)	(6,metagenome_mouseexp2_day6_114_m2_S1337)	(7,metagenome_mouseexp2_day7_114_m2_S1351)	(8,metagenome_mouseexp2_day8_114_m2_S1366)	(12,metagenome_mouseexp2_day12_114_m2_S1383)	(15,metagenome_mouseexp2_day15_114_m2_S1407)	(18,metagenome_mouseexp2_day18_114_m2_S1425)	(21,metagenome_mouseexp2_day21_114_m2_S1178)	(25,metagenome_mouseexp2_day25_114_m2_S1202)	(28,metagenome_mouseexp2_day28_114_m2_S1217)	(33,metagenome_mouseexp2_day33_114_m2_S1235)	(35,metagenome_mouseexp2_day35_114_m2_S1250)	(55,metagenome_mouseexp2_daysac_114m2_f_S1119)	(100,metagenome_mouseexp2_daysac_114m2_c_S1121)	(200,metagenome_mouseexp2_daysac_114m2_i_S1120)
E2	114	3		(0,metagenome_me2_d0_S3_S1749)	(2,metagenome_mouseexp2_day2_114m3_S1053)	(3,metagenome_mouseexp2_day3_114m3_S1069)	(4,metagenome_mouseexp2_day4_114_m3_S1309)	(5,metagenome_mouseexp2_day5_114_m3_S1323)	(6,metagenome_mouseexp2_day6_114_m3_S1338)	(7,metagenome_mouseexp2_day7_114_m3_S1352)	(8,metagenome_mouseexp2_day8_114_m3_S1367)	(12,metagenome_mouseexp2_day12_114_m3_S1384)	(15,metagenome_mouseexp2_day15_114_m3_S1408)	(18,metagenome_mouseexp2_day18_114_m3_S1426)	(21,metagenome_mouseexp2_day21_114_m3_S1179)	(25,metagenome_mouseexp2_day25_114_m3_S1203)	(28,metagenome_mouseexp2_day28_114_m3_S1218)	(33,metagenome_mouseexp2_day33_114_m3_S1236)	(35,metagenome_mouseexp2_day35_114_m3_S1251)	(55,metagenome_mouseexp2_daysac_114m3_f_S1122)	(100,metagenome_mouseexp2_daysac_114m3_c_S1124)	(200,metagenome_mouseexp2_daysac_114m3_i_S1123)
E2	114	4		(0,metagenome_me2_d0_S4_S1761)	(2,metagenome_mouseexp2_day2_114m4_S1054)	(3,metagenome_mouseexp2_day3_114m4_S1070)	(4,metagenome_mouseexp2_day4_114_m4_S1310)	(5,metagenome_mouseexp2_day5_114_m4_S1324)	(6,metagenome_mouseexp2_day6_114_m4_S1339)	(7,metagenome_mouseexp2_day7_114_m4_S1353)	(8,metagenome_mouseexp2_day8_114_m4_S1368)	(15,metagenome_mouseexp2_day15_114_m4_S1409)	(18,metagenome_mouseexp2_day18_114_m4_S1427)	(21,metagenome_mouseexp2_day21_114_m4_S1180)	(25,metagenome_mouseexp2_day25_114_m4_S1204)	(28,metagenome_mouseexp2_day28_114_m4_S1219)	(33,metagenome_mouseexp2_day33_114_m4_S1237)	(35,metagenome_mouseexp2_day35_114_m4_S1252)	(55,metagenome_mouseexp2_daysac_114m4_f_S1125)	(100,metagenome_mouseexp2_daysac_114m4_c_S1127)	(200,metagenome_mouseexp2_daysac_114m4_i_S1126)
E2	114	5		(0,metagenome_me2_d0_S5_S1773)	(2,metagenome_mouseexp2_day2_114m5_S1055)	(3,metagenome_mouseexp2_day3_114m5_S1071)	(4,metagenome_mouseexp2_day4_114_m5_S1311)	(5,metagenome_mouseexp2_day5_114_m5_S1325)	(6,metagenome_mouseexp2_day6_114_m5_S1340)	(7,metagenome_mouseexp2_day7_114_m5_S1354)	(8,metagenome_mouseexp2_day8_114_m5_S1369)	(12,metagenome_mouseexp2_day12_114_m5_S1385)	(15,metagenome_mouseexp2_day15_114_m5_S1410)	(18,metagenome_mouseexp2_day18_114_m5_S1428)	(21,metagenome_mouseexp2_day21_114_m5_S1181)	(25,metagenome_mouseexp2_day25_114_m5_S1205)	(28,metagenome_mouseexp2_day28_114_m5_S1220)	(33,metagenome_mouseexp2_day33_114_m5_S1238)	(35,metagenome_mouseexp2_day35_114_m5_S1254)	(55,metagenome_mouseexp2_daysac_114m5_f_S1128)	(100,metagenome_mouseexp2_daysac_114m5_c_S1130)	(200,metagenome_mouseexp2_daysac_114m5_i_S1129)
E2	116	1		(0,metagenome_me2_116_S1_S1797)	(2,metagenome_mouseexp2_day2_116m1_S1056)	(3,metagenome_mouseexp2_day3_116m1_S1073)	(4,metagenome_mouseexp2_day4_116_m1_S1312)	(5,metagenome_mouseexp2_day5_116_m1_S1326)	(6,metagenome_mouseexp2_day6_116_m1_S1341)	(7,metagenome_mouseexp2_day7_116_m1_S1355)	(8,metagenome_mouseexp2_day8_116_m1_S1370)	(12,metagenome_mouseexp2_day12_116_m1_S1386)	(15,metagenome_mouseexp2_day15_116_m1_S1411)	(16,metagenome_mouseexp2_day16_116m1_S1078)	(17,metagenome_mouseexp2_day17_116m1_S1083)	(18,metagenome_mouseexp2_day18_116_m1_S1429)	(21,metagenome_mouseexp2_day21_116_m1_S1183)	(25,metagenome_mouseexp2_day25_116_m1_S1206)	(28,metagenome_mouseexp2_day28_116_m1_S1221)	(33,metagenome_mouseexp2_day33_116_m1_S1239)	(35,metagenome_mouseexp2_day35_116_m1_S1255)	(43,metagenome_mouseexp2_day43_116_m1_S1270)	(50,metagenome_mouseexp2_day50_116_m1_S1281)	(55,metagenome_mouseexp2_daysac_116m1_f_S1131)	(100,metagenome_mouseexp2_daysac_116m1_c_S1133)	(200,metagenome_mouseexp2_daysac_116m1_i_S1132)
E2	116	2		(0,metagenome_me2_116_S2_S1809)	(2,metagenome_mouseexp2_day2_116m2_S1057)	(3,metagenome_mouseexp2_day3_116m2_S1074)	(4,metagenome_mouseexp2_day4_116_m2_S1313)	(5,metagenome_mouseexp2_day5_116_m2_S1327)	(7,metagenome_mouseexp2_day7_116_m2_S1356)	(8,metagenome_mouseexp2_day8_116_m2_S1371)	(12,metagenome_mouseexp2_day12_116_m2_S1387)	(15,metagenome_mouseexp2_day15_116_m2_S1412)	(16,metagenome_mouseexp2_day16_116m2_S1079)	(17,metagenome_mouseexp2_day17_116m2_S1084)	(25,metagenome_mouseexp2_day25_116_m2_S1207)	(28,metagenome_mouseexp2_day28_116_m2_S1222)	(33,metagenome_mouseexp2_day33_116_m2_S1240)	(35,metagenome_mouseexp2_day35_116_m2_S1256)	(43,metagenome_mouseexp2_day43_116_m2_S1271)	(50,metagenome_mouseexp2_day50_116_m2_S1282)	(55,metagenome_mouseexp2_daysac_116m2_f_S1134)	(100,metagenome_mouseexp2_daysac_116m2_c_S1136)	(200,metagenome_mouseexp2_daysac_116m2_i_S1135)
E2	116	3		(0,metagenome_me2_116_S3_S1729)	(2,metagenome_mouseexp2_day2_116m3_S1058)	(3,metagenome_mouseexp2_day3_116m3_S1075)	(4,metagenome_mouseexp2_day4_116_m3_S1314)	(5,metagenome_mouseexp2_day5_116_m3_S1328)	(6,metagenome_mouseexp2_day6_116_m3_S1342)	(7,metagenome_mouseexp2_day7_116_m3_S1357)	(12,metagenome_mouseexp2_day12_116_m3_S1388)	(15,metagenome_mouseexp2_day15_116_m3_S1413)	(16,metagenome_mouseexp2_day16_116m3_S1080)	(17,metagenome_mouseexp2_day17_116m3_S1086)	(21,metagenome_mouseexp2_day21_116_m3_S1184)	(28,metagenome_mouseexp2_day28_116_m3_S1223)	(33,metagenome_mouseexp2_day33_116_m3_S1241)	(43,metagenome_mouseexp2_day43_116_m3_S1272)	(50,metagenome_mouseexp2_day50_116_m3_S1283)	(55,metagenome_mouseexp2_daysac_116m3_f_S1137)	(100,metagenome_mouseexp2_daysac_116m3_c_S1139)	(200,metagenome_mouseexp2_daysac_116m3_i_S1138)
E2	116	4		(0,metagenome_me2_116_S4_S1741)	(2,metagenome_mouseexp2_day2_116m4_S1060)	(3,metagenome_mouseexp2_day3_116m4_S1076)	(4,metagenome_mouseexp2_day4_116_m4_S1315)	(5,metagenome_mouseexp2_day5_116_m4_S1329)	(6,metagenome_mouseexp2_day6_116_m4_S1343)	(7,metagenome_mouseexp2_day7_116_m4_S1358)	(8,metagenome_mouseexp2_day8_116_m4_S1372)	(12,metagenome_mouseexp2_day12_116_m4_S1390)	(15,metagenome_mouseexp2_day15_116_m4_S1414)	(16,metagenome_mouseexp2_day16_116m4_S1081)	(17,metagenome_mouseexp2_day17_116m4_S1087)	(21,metagenome_mouseexp2_day21_116_m4_S1185)	(25,metagenome_mouseexp2_day25_116_m4_S1209)	(28,metagenome_mouseexp2_day28_116_m4_S1224)	(33,metagenome_mouseexp2_day33_116_m4_S1242)	(35,metagenome_mouseexp2_day35_116_m4_S1257)	(43,metagenome_mouseexp2_day43_116_m4_S1273)	(50,metagenome_mouseexp2_day50_116_m4_S1284)	(55,metagenome_mouseexp2_daysac_116m4_f_S1140)	(100,metagenome_mouseexp2_daysac_116m4_c_S1142)	(200,metagenome_mouseexp2_daysac_116m4_i_S1141)
E2	116	5		(0,metagenome_me2_116_S5_S1753)	(2,metagenome_mouseexp2_day2_116m5_S1061)	(3,metagenome_mouseexp2_day3_116m5_S1077)	(4,metagenome_mouseexp2_day4_116_m5_S1316)	(5,metagenome_mouseexp2_day5_116_m5_S1330)	(6,metagenome_mouseexp2_day6_116_m5_S1344)	(7,metagenome_mouseexp2_day7_116_m5_S1359)	(8,metagenome_mouseexp2_day8_116_m5_S1373)	(12,metagenome_mouseexp2_day12_116_m5_S1391)	(15,metagenome_mouseexp2_day15_116_m5_S1415)	(16,metagenome_mouseexp2_day16_116m5_S1082)	(17,metagenome_mouseexp2_day17_116m5_S1088)	(21,metagenome_mouseexp2_day21_116_m5_S1186)	(25,metagenome_mouseexp2_day25_116_m5_S1210)	(28,metagenome_mouseexp2_day28_116_m5_S1225)	(33,metagenome_mouseexp2_day33_116_m5_S1243)	(35,metagenome_mouseexp2_day35_116_m5_S1258)	(43,metagenome_mouseexp2_day43_116_m5_S1274)	(50,metagenome_mouseexp2_day50_116_m5_S1285)	(55,metagenome_mouseexp2_daysac_116m5_f_S1143)	(100,metagenome_mouseexp2_daysac_116m5_c_S1145)	(200,metagenome_mouseexp2_daysac_116m5_i_S1144)
EV	-1	p1_A1		(0,metagenome_invitro_passage_d0_S1_S1622)	(1,metagenome_invitro_passage1_p1_A1_S1433)	(15,metagenome_invitro_passage15_p1_A1_S1623)	(31,metagenome_invitro_passage31_p1_A1_S1430)
EV	-1	p1_A10		(0,metagenome_invitro_passage_d0_S2_S1634)	(1,metagenome_invitro_passage1_p1_A10_S1487)	(15,metagenome_invitro_passage15_p1_A10_S1677)	(31,metagenome_invitro_passage31_p1_A10_S1439)
EV	-1	p1_A11		(0,metagenome_invitro_passage_d0_S3_S1646)	(1,metagenome_invitro_passage1_p1_A11_S1488)	(15,metagenome_invitro_passage15_p1_A11_S1633)	(31,metagenome_invitro_passage31_p1_A11_S1440)
EV	-1	p1_A2		(0,metagenome_invitro_passage_d0_S2_S1634)	(1,metagenome_invitro_passage1_p1_A2_S1437)	(15,metagenome_invitro_passage15_p1_A2_S1624)	(31,metagenome_invitro_passage31_p1_A2_S1431)
EV	-1	p1_A3		(0,metagenome_invitro_passage_d0_S3_S1646)	(1,metagenome_invitro_passage1_p1_A3_S1480)	(15,metagenome_invitro_passage15_p1_A3_S1681)	(31,metagenome_invitro_passage31_p1_A3_S1432)
EV	-1	p1_A5		(0,metagenome_invitro_passage_d0_S1_S1622)	(1,metagenome_invitro_passage1_p1_A5_S1441)	(15,metagenome_invitro_passage15_p1_A5_S1625)	(31,metagenome_invitro_passage31_p1_A5_S1434)
EV	-1	p1_A6		(0,metagenome_invitro_passage_d0_S2_S1634)	(1,metagenome_invitro_passage1_p1_A6_S1483)	(15,metagenome_invitro_passage15_p1_A6_S1721)	(31,metagenome_invitro_passage31_p1_A6_S1435)
EV	-1	p1_A7		(0,metagenome_invitro_passage_d0_S3_S1646)	(1,metagenome_invitro_passage1_p1_A7_S1484)	(15,metagenome_invitro_passage15_p1_A7_S1769)	(31,metagenome_invitro_passage31_p1_A7_S1436)
EV	-1	p1_A9		(0,metagenome_invitro_passage_d0_S1_S1622)	(1,metagenome_invitro_passage1_p1_A9_S1486)	(15,metagenome_invitro_passage15_p1_A9_S1629)	(31,metagenome_invitro_passage31_p1_A9_S1438)
EV	-1	p1_B1		(0,metagenome_invitro_passage_d0_S4_S1658)	(1,metagenome_invitro_passage1_p1_B1_S1445)	(15,metagenome_invitro_passage15_p1_B1_S1635)	(31,metagenome_invitro_passage31_p1_B1_S1442)
EV	-1	p1_B10		(0,metagenome_invitro_passage_d0_S5_S1670)	(1,metagenome_invitro_passage1_p1_B10_S1499)	(15,metagenome_invitro_passage15_p1_B10_S1689)	(31,metagenome_invitro_passage31_p1_B10_S1451)
EV	-1	p1_B11		(0,metagenome_invitro_passage_d0_S6_S1682)	(1,metagenome_invitro_passage1_p1_B11_S1500)	(15,metagenome_invitro_passage15_p1_B11_S1645)	(31,metagenome_invitro_passage31_p1_B11_S1452)
EV	-1	p1_B2		(0,metagenome_invitro_passage_d0_S5_S1670)	(1,metagenome_invitro_passage1_p1_B2_S1449)	(15,metagenome_invitro_passage15_p1_B2_S1636)	(31,metagenome_invitro_passage31_p1_B2_S1443)
EV	-1	p1_B3		(0,metagenome_invitro_passage_d0_S6_S1682)	(1,metagenome_invitro_passage1_p1_B3_S1492)	(15,metagenome_invitro_passage15_p1_B3_S1693)	(31,metagenome_invitro_passage31_p1_B3_S1444)
EV	-1	p1_B5		(0,metagenome_invitro_passage_d0_S4_S1658)	(1,metagenome_invitro_passage1_p1_B5_S1453)	(15,metagenome_invitro_passage15_p1_B5_S1637)	(31,metagenome_invitro_passage31_p1_B5_S1446)
EV	-1	p1_B6		(0,metagenome_invitro_passage_d0_S5_S1670)	(1,metagenome_invitro_passage1_p1_B6_S1495)	(15,metagenome_invitro_passage15_p1_B6_S1733)	(31,metagenome_invitro_passage31_p1_B6_S1447)
EV	-1	p1_B7		(0,metagenome_invitro_passage_d0_S6_S1682)	(1,metagenome_invitro_passage1_p1_B7_S1496)	(15,metagenome_invitro_passage15_p1_B7_S1781)	(31,metagenome_invitro_passage31_p1_B7_S1448)
EV	-1	p1_B9		(0,metagenome_invitro_passage_d0_S4_S1658)	(1,metagenome_invitro_passage1_p1_B9_S1498)	(15,metagenome_invitro_passage15_p1_B9_S1641)	(31,metagenome_invitro_passage31_p1_B9_S1450)
EV	-1	p1_C1		(0,metagenome_invitro_passage_d0_S1_S1622)	(1,metagenome_invitro_passage1_p1_C1_S1457)	(15,metagenome_invitro_passage15_p1_C1_S1647)	(31,metagenome_invitro_passage31_p1_C1_S1454)
EV	-1	p1_C10		(0,metagenome_invitro_passage_d0_S2_S1634)	(1,metagenome_invitro_passage1_p1_C10_S1511)	(15,metagenome_invitro_passage15_p1_C10_S1701)	(31,metagenome_invitro_passage31_p1_C10_S1463)
EV	-1	p1_C11		(0,metagenome_invitro_passage_d0_S3_S1646)	(1,metagenome_invitro_passage1_p1_C11_S1512)	(15,metagenome_invitro_passage15_p1_C11_S1657)	(31,metagenome_invitro_passage31_p1_C11_S1464)
EV	-1	p1_C2		(0,metagenome_invitro_passage_d0_S2_S1634)	(1,metagenome_invitro_passage1_p1_C2_S1461)	(15,metagenome_invitro_passage15_p1_C2_S1648)	(31,metagenome_invitro_passage31_p1_C2_S1455)
EV	-1	p1_C3		(0,metagenome_invitro_passage_d0_S3_S1646)	(1,metagenome_invitro_passage1_p1_C3_S1504)	(15,metagenome_invitro_passage15_p1_C3_S1705)	(31,metagenome_invitro_passage31_p1_C3_S1456)
EV	-1	p1_C5		(0,metagenome_invitro_passage_d0_S1_S1622)	(1,metagenome_invitro_passage1_p1_C5_S1465)	(15,metagenome_invitro_passage15_p1_C5_S1649)	(31,metagenome_invitro_passage31_p1_C5_S1458)
EV	-1	p1_C6		(0,metagenome_invitro_passage_d0_S2_S1634)	(1,metagenome_invitro_passage1_p1_C6_S1507)	(15,metagenome_invitro_passage15_p1_C6_S1745)	(31,metagenome_invitro_passage31_p1_C6_S1459)
EV	-1	p1_C7		(0,metagenome_invitro_passage_d0_S3_S1646)	(1,metagenome_invitro_passage1_p1_C7_S1508)	(15,metagenome_invitro_passage15_p1_C7_S1793)	(31,metagenome_invitro_passage31_p1_C7_S1460)
EV	-1	p1_C9		(0,metagenome_invitro_passage_d0_S1_S1622)	(1,metagenome_invitro_passage1_p1_C9_S1510)	(15,metagenome_invitro_passage15_p1_C9_S1653)	(31,metagenome_invitro_passage31_p1_C9_S1462)
EV	-1	p1_D1		(0,metagenome_invitro_passage_d0_S4_S1658)	(1,metagenome_invitro_passage1_p1_D1_S1469)	(15,metagenome_invitro_passage15_p1_D1_S1659)	(31,metagenome_invitro_passage31_p1_D1_S1466)
EV	-1	p1_D10		(0,metagenome_invitro_passage_d0_S5_S1670)	(1,metagenome_invitro_passage1_p1_D10_S1523)	(15,metagenome_invitro_passage15_p1_D10_S1713)	(31,metagenome_invitro_passage31_p1_D10_S1475)
EV	-1	p1_D11		(0,metagenome_invitro_passage_d0_S6_S1682)	(1,metagenome_invitro_passage1_p1_D11_S1524)	(15,metagenome_invitro_passage15_p1_D11_S1669)	(31,metagenome_invitro_passage31_p1_D11_S1476)
EV	-1	p1_D2		(0,metagenome_invitro_passage_d0_S5_S1670)	(1,metagenome_invitro_passage1_p1_D2_S1473)	(15,metagenome_invitro_passage15_p1_D2_S1660)	(31,metagenome_invitro_passage31_p1_D2_S1467)
EV	-1	p1_D3		(0,metagenome_invitro_passage_d0_S6_S1682)	(1,metagenome_invitro_passage1_p1_D3_S1516)	(15,metagenome_invitro_passage15_p1_D3_S1717)	(31,metagenome_invitro_passage31_p1_D3_S1468)
EV	-1	p1_D5		(0,metagenome_invitro_passage_d0_S4_S1658)	(1,metagenome_invitro_passage1_p1_D5_S1477)	(15,metagenome_invitro_passage15_p1_D5_S1661)	(31,metagenome_invitro_passage31_p1_D5_S1470)
EV	-1	p1_D6		(0,metagenome_invitro_passage_d0_S5_S1670)	(1,metagenome_invitro_passage1_p1_D6_S1519)	(15,metagenome_invitro_passage15_p1_D6_S1757)	(31,metagenome_invitro_passage31_p1_D6_S1471)
EV	-1	p1_D7		(0,metagenome_invitro_passage_d0_S6_S1682)	(1,metagenome_invitro_passage1_p1_D7_S1520)	(15,metagenome_invitro_passage15_p1_D7_S1805)	(31,metagenome_invitro_passage31_p1_D7_S1472)
EV	-1	p1_D9		(0,metagenome_invitro_passage_d0_S4_S1658)	(1,metagenome_invitro_passage1_p1_D9_S1522)	(15,metagenome_invitro_passage15_p1_D9_S1665)	(31,metagenome_invitro_passage31_p1_D9_S1474)
EV	-1	p1_E1		(0,metagenome_invitro_passage_d0_S1_S1622)	(1,metagenome_invitro_passage1_p1_E1_S1481)	(15,metagenome_invitro_passage15_p1_E1_S1671)	(31,metagenome_invitro_passage31_p1_E1_S1478)
EV	-1	p1_E2		(0,metagenome_invitro_passage_d0_S2_S1634)	(1,metagenome_invitro_passage1_p1_E2_S1485)	(15,metagenome_invitro_passage15_p1_E2_S1672)	(31,metagenome_invitro_passage31_p1_E2_S1479)
EV	-1	p1_E5		(0,metagenome_invitro_passage_d0_S1_S1622)	(1,metagenome_invitro_passage1_p1_E5_S1489)	(15,metagenome_invitro_passage15_p1_E5_S1673)	(31,metagenome_invitro_passage31_p1_E5_S1482)
EV	-1	p1_F1		(0,metagenome_invitro_passage_d0_S4_S1658)	(1,metagenome_invitro_passage1_p1_F1_S1493)	(15,metagenome_invitro_passage15_p1_F1_S1683)	(31,metagenome_invitro_passage31_p1_F1_S1490)
EV	-1	p1_F2		(0,metagenome_invitro_passage_d0_S5_S1670)	(1,metagenome_invitro_passage1_p1_F2_S1497)	(15,metagenome_invitro_passage15_p1_F2_S1684)	(31,metagenome_invitro_passage31_p1_F2_S1491)
EV	-1	p1_F5		(0,metagenome_invitro_passage_d0_S4_S1658)	(1,metagenome_invitro_passage1_p1_F5_S1501)	(15,metagenome_invitro_passage15_p1_F5_S1685)	(31,metagenome_invitro_passage31_p1_F5_S1494)
EV	-1	p1_G1		(0,metagenome_invitro_passage_d0_S1_S1622)	(1,metagenome_invitro_passage1_p1_G1_S1505)	(15,metagenome_invitro_passage15_p1_G1_S1695)	(31,metagenome_invitro_passage31_p1_G1_S1502)
EV	-1	p1_G2		(0,metagenome_invitro_passage_d0_S2_S1634)	(1,metagenome_invitro_passage1_p1_G2_S1509)	(15,metagenome_invitro_passage15_p1_G2_S1696)	(31,metagenome_invitro_passage31_p1_G2_S1503)
EV	-1	p1_G5		(0,metagenome_invitro_passage_d0_S1_S1622)	(1,metagenome_invitro_passage1_p1_G5_S1513)	(15,metagenome_invitro_passage15_p1_G5_S1697)	(31,metagenome_invitro_passage31_p1_G5_S1506)
EV	-1	p1_H1		(0,metagenome_invitro_passage_d0_S4_S1658)	(1,metagenome_invitro_passage1_p1_H1_S1517)	(15,metagenome_invitro_passage15_p1_H1_S1707)	(31,metagenome_invitro_passage31_p1_H1_S1514)
EV	-1	p1_H2		(0,metagenome_invitro_passage_d0_S5_S1670)	(1,metagenome_invitro_passage1_p1_H2_S1521)	(15,metagenome_invitro_passage15_p1_H2_S1708)	(31,metagenome_invitro_passage31_p1_H2_S1515)
EV	-1	p1_H5		(0,metagenome_invitro_passage_d0_S4_S1658)	(1,metagenome_invitro_passage1_p1_H5_S1525)	(15,metagenome_invitro_passage15_p1_H5_S1709)	(31,metagenome_invitro_passage31_p1_H5_S1518)
EV	-1	p2_A1		(0,metagenome_invitro_passage_d0_S1_S1622)	(1,metagenome_invitro_passage1_p2_A1_S1526)	(15,metagenome_invitro_passage15_p2_A1_S1718)	(31,metagenome_invitro_passage31_p2_A1_S1529)
EV	-1	p2_A10		(0,metagenome_invitro_passage_d0_S2_S1634)	(1,metagenome_invitro_passage1_p2_A10_S1535)	(15,metagenome_invitro_passage15_p2_A10_S1727)	(31,metagenome_invitro_passage31_p2_A10_S1631)
EV	-1	p2_A11		(0,metagenome_invitro_passage_d0_S3_S1646)	(1,metagenome_invitro_passage1_p2_A11_S1536)	(15,metagenome_invitro_passage15_p2_A11_S1728)	(31,metagenome_invitro_passage31_p2_A11_S1632)
EV	-1	p2_A2		(0,metagenome_invitro_passage_d0_S2_S1634)	(1,metagenome_invitro_passage1_p2_A2_S1527)	(15,metagenome_invitro_passage15_p2_A2_S1719)	(31,metagenome_invitro_passage31_p2_A2_S1533)
EV	-1	p2_A3		(0,metagenome_invitro_passage_d0_S3_S1646)	(1,metagenome_invitro_passage1_p2_A3_S1528)	(15,metagenome_invitro_passage15_p2_A3_S1720)	(31,metagenome_invitro_passage31_p2_A3_S1537)
EV	-1	p2_A5		(0,metagenome_invitro_passage_d0_S1_S1622)	(1,metagenome_invitro_passage1_p2_A5_S1530)	(15,metagenome_invitro_passage15_p2_A5_S1722)	(31,metagenome_invitro_passage31_p2_A5_S1626)
EV	-1	p2_A6		(0,metagenome_invitro_passage_d0_S2_S1634)	(1,metagenome_invitro_passage1_p2_A6_S1531)	(15,metagenome_invitro_passage15_p2_A6_S1723)	(31,metagenome_invitro_passage31_p2_A6_S1627)
EV	-1	p2_A7		(0,metagenome_invitro_passage_d0_S3_S1646)	(1,metagenome_invitro_passage1_p2_A7_S1532)	(15,metagenome_invitro_passage15_p2_A7_S1724)	(31,metagenome_invitro_passage31_p2_A7_S1628)
EV	-1	p2_A9		(0,metagenome_invitro_passage_d0_S1_S1622)	(1,metagenome_invitro_passage1_p2_A9_S1534)	(15,metagenome_invitro_passage15_p2_A9_S1726)	(31,metagenome_invitro_passage31_p2_A9_S1630)
EV	-1	p2_B1		(0,metagenome_invitro_passage_d0_S4_S1658)	(1,metagenome_invitro_passage1_p2_B1_S1538)	(15,metagenome_invitro_passage15_p2_B1_S1730)	(31,metagenome_invitro_passage31_p2_B1_S1541)
EV	-1	p2_B10		(0,metagenome_invitro_passage_d0_S5_S1670)	(1,metagenome_invitro_passage1_p2_B10_S1547)	(15,metagenome_invitro_passage15_p2_B10_S1739)	(31,metagenome_invitro_passage31_p2_B10_S1643)
EV	-1	p2_B11		(0,metagenome_invitro_passage_d0_S6_S1682)	(1,metagenome_invitro_passage1_p2_B11_S1548)	(15,metagenome_invitro_passage15_p2_B11_S1740)	(31,metagenome_invitro_passage31_p2_B11_S1644)
EV	-1	p2_B2		(0,metagenome_invitro_passage_d0_S5_S1670)	(1,metagenome_invitro_passage1_p2_B2_S1539)	(15,metagenome_invitro_passage15_p2_B2_S1731)	(31,metagenome_invitro_passage31_p2_B2_S1545)
EV	-1	p2_B3		(0,metagenome_invitro_passage_d0_S6_S1682)	(1,metagenome_invitro_passage1_p2_B3_S1540)	(15,metagenome_invitro_passage15_p2_B3_S1732)	(31,metagenome_invitro_passage31_p2_B3_S1549)
EV	-1	p2_B5		(0,metagenome_invitro_passage_d0_S4_S1658)	(1,metagenome_invitro_passage1_p2_B5_S1542)	(15,metagenome_invitro_passage15_p2_B5_S1734)	(31,metagenome_invitro_passage31_p2_B5_S1638)
EV	-1	p2_B6		(0,metagenome_invitro_passage_d0_S5_S1670)	(1,metagenome_invitro_passage1_p2_B6_S1543)	(15,metagenome_invitro_passage15_p2_B6_S1735)	(31,metagenome_invitro_passage31_p2_B6_S1639)
EV	-1	p2_B7		(0,metagenome_invitro_passage_d0_S6_S1682)	(1,metagenome_invitro_passage1_p2_B7_S1544)	(15,metagenome_invitro_passage15_p2_B7_S1736)	(31,metagenome_invitro_passage31_p2_B7_S1640)
EV	-1	p2_B9		(0,metagenome_invitro_passage_d0_S4_S1658)	(1,metagenome_invitro_passage1_p2_B9_S1546)	(15,metagenome_invitro_passage15_p2_B9_S1738)	(31,metagenome_invitro_passage31_p2_B9_S1642)
EV	-1	p2_C1		(0,metagenome_invitro_passage_d0_S1_S1622)	(1,metagenome_invitro_passage1_p2_C1_S1550)	(15,metagenome_invitro_passage15_p2_C1_S1742)	(31,metagenome_invitro_passage31_p2_C1_S1553)
EV	-1	p2_C10		(0,metagenome_invitro_passage_d0_S2_S1634)	(1,metagenome_invitro_passage1_p2_C10_S1559)	(15,metagenome_invitro_passage15_p2_C10_S1751)	(31,metagenome_invitro_passage31_p2_C10_S1655)
EV	-1	p2_C11		(0,metagenome_invitro_passage_d0_S3_S1646)	(1,metagenome_invitro_passage1_p2_C11_S1560)	(15,metagenome_invitro_passage15_p2_C11_S1752)	(31,metagenome_invitro_passage31_p2_C11_S1656)
EV	-1	p2_C2		(0,metagenome_invitro_passage_d0_S2_S1634)	(1,metagenome_invitro_passage1_p2_C2_S1551)	(15,metagenome_invitro_passage15_p2_C2_S1743)	(31,metagenome_invitro_passage31_p2_C2_S1557)
EV	-1	p2_C3		(0,metagenome_invitro_passage_d0_S3_S1646)	(1,metagenome_invitro_passage1_p2_C3_S1552)	(15,metagenome_invitro_passage15_p2_C3_S1744)	(31,metagenome_invitro_passage31_p2_C3_S1561)
EV	-1	p2_C5		(0,metagenome_invitro_passage_d0_S1_S1622)	(1,metagenome_invitro_passage1_p2_C5_S1554)	(15,metagenome_invitro_passage15_p2_C5_S1746)	(31,metagenome_invitro_passage31_p2_C5_S1650)
EV	-1	p2_C6		(0,metagenome_invitro_passage_d0_S2_S1634)	(1,metagenome_invitro_passage1_p2_C6_S1555)	(15,metagenome_invitro_passage15_p2_C6_S1747)	(31,metagenome_invitro_passage31_p2_C6_S1651)
EV	-1	p2_C7		(0,metagenome_invitro_passage_d0_S3_S1646)	(1,metagenome_invitro_passage1_p2_C7_S1556)	(15,metagenome_invitro_passage15_p2_C7_S1748)	(31,metagenome_invitro_passage31_p2_C7_S1652)
EV	-1	p2_C9		(0,metagenome_invitro_passage_d0_S1_S1622)	(1,metagenome_invitro_passage1_p2_C9_S1558)	(15,metagenome_invitro_passage15_p2_C9_S1750)	(31,metagenome_invitro_passage31_p2_C9_S1654)
EV	-1	p2_D1		(0,metagenome_invitro_passage_d0_S4_S1658)	(1,metagenome_invitro_passage1_p2_D1_S1562)	(15,metagenome_invitro_passage15_p2_D1_S1754)	(31,metagenome_invitro_passage31_p2_D1_S1565)
EV	-1	p2_D10		(0,metagenome_invitro_passage_d0_S5_S1670)	(1,metagenome_invitro_passage1_p2_D10_S1571)	(15,metagenome_invitro_passage15_p2_D10_S1763)	(31,metagenome_invitro_passage31_p2_D10_S1667)
EV	-1	p2_D11		(0,metagenome_invitro_passage_d0_S6_S1682)	(1,metagenome_invitro_passage1_p2_D11_S1572)	(15,metagenome_invitro_passage15_p2_D11_S1764)	(31,metagenome_invitro_passage31_p2_D11_S1668)
EV	-1	p2_D2		(0,metagenome_invitro_passage_d0_S5_S1670)	(1,metagenome_invitro_passage1_p2_D2_S1563)	(15,metagenome_invitro_passage15_p2_D2_S1755)	(31,metagenome_invitro_passage31_p2_D2_S1569)
EV	-1	p2_D3		(0,metagenome_invitro_passage_d0_S6_S1682)	(1,metagenome_invitro_passage1_p2_D3_S1564)	(15,metagenome_invitro_passage15_p2_D3_S1756)	(31,metagenome_invitro_passage31_p2_D3_S1573)
EV	-1	p2_D5		(0,metagenome_invitro_passage_d0_S4_S1658)	(1,metagenome_invitro_passage1_p2_D5_S1566)	(15,metagenome_invitro_passage15_p2_D5_S1758)	(31,metagenome_invitro_passage31_p2_D5_S1662)
EV	-1	p2_D6		(0,metagenome_invitro_passage_d0_S5_S1670)	(1,metagenome_invitro_passage1_p2_D6_S1567)	(15,metagenome_invitro_passage15_p2_D6_S1759)	(31,metagenome_invitro_passage31_p2_D6_S1663)
EV	-1	p2_D7		(0,metagenome_invitro_passage_d0_S6_S1682)	(1,metagenome_invitro_passage1_p2_D7_S1568)	(15,metagenome_invitro_passage15_p2_D7_S1760)	(31,metagenome_invitro_passage31_p2_D7_S1664)
EV	-1	p2_D9		(0,metagenome_invitro_passage_d0_S4_S1658)	(1,metagenome_invitro_passage1_p2_D9_S1570)	(15,metagenome_invitro_passage15_p2_D9_S1762)	(31,metagenome_invitro_passage31_p2_D9_S1666)
EV	-1	p2_E1		(0,metagenome_invitro_passage_d0_S1_S1622)	(1,metagenome_invitro_passage1_p2_E1_S1574)	(15,metagenome_invitro_passage15_p2_E1_S1766)	(31,metagenome_invitro_passage31_p2_E1_S1577)
EV	-1	p2_E10		(0,metagenome_invitro_passage_d0_S2_S1634)	(1,metagenome_invitro_passage1_p2_E10_S1583)	(15,metagenome_invitro_passage15_p2_E10_S1775)	(31,metagenome_invitro_passage31_p2_E10_S1679)
EV	-1	p2_E11		(0,metagenome_invitro_passage_d0_S3_S1646)	(1,metagenome_invitro_passage1_p2_E11_S1584)	(15,metagenome_invitro_passage15_p2_E11_S1776)	(31,metagenome_invitro_passage31_p2_E11_S1680)
EV	-1	p2_E2		(0,metagenome_invitro_passage_d0_S2_S1634)	(1,metagenome_invitro_passage1_p2_E2_S1575)	(15,metagenome_invitro_passage15_p2_E2_S1767)	(31,metagenome_invitro_passage31_p2_E2_S1581)
EV	-1	p2_E5		(0,metagenome_invitro_passage_d0_S1_S1622)	(1,metagenome_invitro_passage1_p2_E5_S1578)	(15,metagenome_invitro_passage15_p2_E5_S1770)	(31,metagenome_invitro_passage31_p2_E5_S1674)
EV	-1	p2_E6		(0,metagenome_invitro_passage_d0_S2_S1634)	(1,metagenome_invitro_passage1_p2_E6_S1579)	(15,metagenome_invitro_passage15_p2_E6_S1771)	(31,metagenome_invitro_passage31_p2_E6_S1675)
EV	-1	p2_E7		(0,metagenome_invitro_passage_d0_S3_S1646)	(1,metagenome_invitro_passage1_p2_E7_S1580)	(15,metagenome_invitro_passage15_p2_E7_S1772)	(31,metagenome_invitro_passage31_p2_E7_S1676)
EV	-1	p2_E9		(0,metagenome_invitro_passage_d0_S1_S1622)	(1,metagenome_invitro_passage1_p2_E9_S1582)	(15,metagenome_invitro_passage15_p2_E9_S1774)	(31,metagenome_invitro_passage31_p2_E9_S1678)
EV	-1	p2_F1		(0,metagenome_invitro_passage_d0_S4_S1658)	(1,metagenome_invitro_passage1_p2_F1_S1586)	(15,metagenome_invitro_passage15_p2_F1_S1778)	(31,metagenome_invitro_passage31_p2_F1_S1589)
EV	-1	p2_F10		(0,metagenome_invitro_passage_d0_S5_S1670)	(1,metagenome_invitro_passage1_p2_F10_S1595)	(15,metagenome_invitro_passage15_p2_F10_S1787)	(31,metagenome_invitro_passage31_p2_F10_S1691)
EV	-1	p2_F11		(0,metagenome_invitro_passage_d0_S6_S1682)	(1,metagenome_invitro_passage1_p2_F11_S1596)	(15,metagenome_invitro_passage15_p2_F11_S1788)	(31,metagenome_invitro_passage31_p2_F11_S1692)
EV	-1	p2_F2		(0,metagenome_invitro_passage_d0_S5_S1670)	(1,metagenome_invitro_passage1_p2_F2_S1587)	(15,metagenome_invitro_passage15_p2_F2_S1779)	(31,metagenome_invitro_passage31_p2_F2_S1593)
EV	-1	p2_F5		(0,metagenome_invitro_passage_d0_S4_S1658)	(1,metagenome_invitro_passage1_p2_F5_S1590)	(15,metagenome_invitro_passage15_p2_F5_S1782)	(31,metagenome_invitro_passage31_p2_F5_S1686)
EV	-1	p2_F6		(0,metagenome_invitro_passage_d0_S5_S1670)	(1,metagenome_invitro_passage1_p2_F6_S1591)	(15,metagenome_invitro_passage15_p2_F6_S1783)	(31,metagenome_invitro_passage31_p2_F6_S1687)
EV	-1	p2_F7		(0,metagenome_invitro_passage_d0_S6_S1682)	(1,metagenome_invitro_passage1_p2_F7_S1592)	(15,metagenome_invitro_passage15_p2_F7_S1784)	(31,metagenome_invitro_passage31_p2_F7_S1688)
EV	-1	p2_F9		(0,metagenome_invitro_passage_d0_S4_S1658)	(1,metagenome_invitro_passage1_p2_F9_S1594)	(15,metagenome_invitro_passage15_p2_F9_S1786)	(31,metagenome_invitro_passage31_p2_F9_S1690)
EV	-1	p2_G1		(0,metagenome_invitro_passage_d0_S1_S1622)	(1,metagenome_invitro_passage1_p2_G1_S1598)	(15,metagenome_invitro_passage15_p2_G1_S1790)	(31,metagenome_invitro_passage31_p2_G1_S1601)
EV	-1	p2_G10		(0,metagenome_invitro_passage_d0_S2_S1634)	(1,metagenome_invitro_passage1_p2_G10_S1607)	(15,metagenome_invitro_passage15_p2_G10_S1799)	(31,metagenome_invitro_passage31_p2_G10_S1703)
EV	-1	p2_G11		(0,metagenome_invitro_passage_d0_S3_S1646)	(1,metagenome_invitro_passage1_p2_G11_S1608)	(15,metagenome_invitro_passage15_p2_G11_S1800)	(31,metagenome_invitro_passage31_p2_G11_S1704)
EV	-1	p2_G2		(0,metagenome_invitro_passage_d0_S2_S1634)	(1,metagenome_invitro_passage1_p2_G2_S1599)	(15,metagenome_invitro_passage15_p2_G2_S1791)	(31,metagenome_invitro_passage31_p2_G2_S1605)
EV	-1	p2_G5		(0,metagenome_invitro_passage_d0_S1_S1622)	(1,metagenome_invitro_passage1_p2_G5_S1602)	(15,metagenome_invitro_passage15_p2_G5_S1794)	(31,metagenome_invitro_passage31_p2_G5_S1698)
EV	-1	p2_G6		(0,metagenome_invitro_passage_d0_S2_S1634)	(1,metagenome_invitro_passage1_p2_G6_S1603)	(15,metagenome_invitro_passage15_p2_G6_S1795)	(31,metagenome_invitro_passage31_p2_G6_S1699)
EV	-1	p2_G7		(0,metagenome_invitro_passage_d0_S3_S1646)	(1,metagenome_invitro_passage1_p2_G7_S1604)	(15,metagenome_invitro_passage15_p2_G7_S1796)	(31,metagenome_invitro_passage31_p2_G7_S1700)
EV	-1	p2_G9		(0,metagenome_invitro_passage_d0_S1_S1622)	(1,metagenome_invitro_passage1_p2_G9_S1606)	(15,metagenome_invitro_passage15_p2_G9_S1798)	(31,metagenome_invitro_passage31_p2_G9_S1702)
EV	-1	p2_H1		(0,metagenome_invitro_passage_d0_S4_S1658)	(1,metagenome_invitro_passage1_p2_H1_S1610)	(15,metagenome_invitro_passage15_p2_H1_S1802)	(31,metagenome_invitro_passage31_p2_H1_S1613)
EV	-1	p2_H10		(0,metagenome_invitro_passage_d0_S5_S1670)	(1,metagenome_invitro_passage1_p2_H10_S1619)	(15,metagenome_invitro_passage15_p2_H10_S1811)	(31,metagenome_invitro_passage31_p2_H10_S1715)
EV	-1	p2_H11		(0,metagenome_invitro_passage_d0_S6_S1682)	(1,metagenome_invitro_passage1_p2_H11_S1620)	(15,metagenome_invitro_passage15_p2_H11_S1812)	(31,metagenome_invitro_passage31_p2_H11_S1716)
EV	-1	p2_H2		(0,metagenome_invitro_passage_d0_S5_S1670)	(1,metagenome_invitro_passage1_p2_H2_S1611)	(15,metagenome_invitro_passage15_p2_H2_S1803)	(31,metagenome_invitro_passage31_p2_H2_S1617)
EV	-1	p2_H5		(0,metagenome_invitro_passage_d0_S4_S1658)	(1,metagenome_invitro_passage1_p2_H5_S1614)	(15,metagenome_invitro_passage15_p2_H5_S1806)	(31,metagenome_invitro_passage31_p2_H5_S1710)
EV	-1	p2_H6		(0,metagenome_invitro_passage_d0_S5_S1670)	(1,metagenome_invitro_passage1_p2_H6_S1615)	(15,metagenome_invitro_passage15_p2_H6_S1807)	(31,metagenome_invitro_passage31_p2_H6_S1711)
EV	-1	p2_H7		(0,metagenome_invitro_passage_d0_S6_S1682)	(1,metagenome_invitro_passage1_p2_H7_S1616)	(15,metagenome_invitro_passage15_p2_H7_S1808)	(31,metagenome_invitro_passage31_p2_H7_S1712)
EV	-1	p2_H9		(0,metagenome_invitro_passage_d0_S4_S1658)	(1,metagenome_invitro_passage1_p2_H9_S1618)	(15,metagenome_invitro_passage15_p2_H9_S1810)	(31,metagenome_invitro_passage31_p2_H9_S1714)
