sampleID,Population,Timepoint,ExtractionBatch,ExtractionTube,Flagged?,Directory,FilenameStem
E1_MGX_Plate1_day0_S97,E1_8;E1_9;E1_7;E1_10;E1_6;E1_13;E1_11;E1_12,0,NA,NA,0,/scratch/users/dpwong/kim_barcodes/E1_mgx/fastq/,E1_MGX_Plate1_day0_S97
E1_MGX_Plate2_day0_S98,E1_3;E1_1;E1_4;E1_2;E1_5,0,NA,NA,0,/scratch/users/dpwong/kim_barcodes/E1_mgx/fastq/,E1_MGX_Plate2_day0_S98
E1_MGX_m10_day12_S107,E1_10,12,NA,NA,0,/scratch/users/dpwong/kim_barcodes/E1_mgx/fastq/,E1_MGX_m10_day12_S107
E1_MGX_m10_day14_S143,E1_10,14,NA,NA,0,/scratch/users/dpwong/kim_barcodes/E1_mgx/fastq/,E1_MGX_m10_day14_S143
E1_MGX_m10_day16_S172,E1_10,16,NA,NA,0,/scratch/users/dpwong/kim_barcodes/E1_mgx/fastq/,E1_MGX_m10_day16_S172
E1_MGX_m10_day17_S206,E1_10,17,NA,NA,0,/scratch/users/dpwong/kim_barcodes/E1_mgx/fastq/,E1_MGX_m10_day17_S206
E1_MGX_m10_day18_S244,E1_10,18,NA,NA,0,/scratch/users/dpwong/kim_barcodes/E1_mgx/fastq/,E1_MGX_m10_day18_S244
E1_MGX_m10_day19_S20,E1_10,19,NA,NA,0,/scratch/users/dpwong/kim_barcodes/E1_mgx/fastq/,E1_MGX_m10_day19_S20
E1_MGX_m10_day1_S118,E1_10,1,NA,NA,0,/scratch/users/dpwong/kim_barcodes/E1_mgx/fastq/,E1_MGX_m10_day1_S118
E1_MGX_m10_day20_S50,E1_10,20,NA,NA,0,/scratch/users/dpwong/kim_barcodes/E1_mgx/fastq/,E1_MGX_m10_day20_S50
E1_MGX_m10_day21_S80,E1_10,21,NA,NA,0,/scratch/users/dpwong/kim_barcodes/E1_mgx/fastq/,E1_MGX_m10_day21_S80
E1_MGX_m10_day22_S189,E1_10,22,NA,NA,0,/scratch/users/dpwong/kim_barcodes/E1_mgx/fastq/,E1_MGX_m10_day22_S189
E1_MGX_m10_day27_S122,E1_10,27,NA,NA,0,/scratch/users/dpwong/kim_barcodes/E1_mgx/fastq/,E1_MGX_m10_day27_S122
E1_MGX_m10_day29_S78,E1_10,29,NA,NA,0,/scratch/users/dpwong/kim_barcodes/E1_mgx/fastq/,E1_MGX_m10_day29_S78
E1_MGX_m10_day2_S151,E1_10,2,NA,NA,0,/scratch/users/dpwong/kim_barcodes/E1_mgx/fastq/,E1_MGX_m10_day2_S151
E1_MGX_m10_day33_S120,E1_10,33,NA,NA,0,/scratch/users/dpwong/kim_barcodes/E1_mgx/fastq/,E1_MGX_m10_day33_S120
E1_MGX_m10_day36_S163,E1_10,36,NA,NA,0,/scratch/users/dpwong/kim_barcodes/E1_mgx/fastq/,E1_MGX_m10_day36_S163
E1_MGX_m10_day3_S196,E1_10,3,NA,NA,0,/scratch/users/dpwong/kim_barcodes/E1_mgx/fastq/,E1_MGX_m10_day3_S196
E1_MGX_m10_day40_S159,E1_10,40,NA,NA,0,/scratch/users/dpwong/kim_barcodes/E1_mgx/fastq/,E1_MGX_m10_day40_S159
E1_MGX_m10_day45_S181,E1_10,45,NA,NA,0,/scratch/users/dpwong/kim_barcodes/E1_mgx/fastq/,E1_MGX_m10_day45_S181
E1_MGX_m10_day46_S189,E1_10,46,NA,NA,0,/scratch/users/dpwong/kim_barcodes/E1_mgx/fastq/,E1_MGX_m10_day46_S189
E1_MGX_m10_day47_S198,E1_10,47,NA,NA,0,/scratch/users/dpwong/kim_barcodes/E1_mgx/fastq/,E1_MGX_m10_day47_S198
E1_MGX_m10_day48_S207,E1_10,48,NA,NA,0,/scratch/users/dpwong/kim_barcodes/E1_mgx/fastq/,E1_MGX_m10_day48_S207
E1_MGX_m10_day4_S234,E1_10,4,NA,NA,0,/scratch/users/dpwong/kim_barcodes/E1_mgx/fastq/,E1_MGX_m10_day4_S234
E1_MGX_m10_day54_S245,E1_10,54,NA,NA,0,/scratch/users/dpwong/kim_barcodes/E1_mgx/fastq/,E1_MGX_m10_day54_S245
E1_MGX_m10_day5_S13,E1_10,5,NA,NA,0,/scratch/users/dpwong/kim_barcodes/E1_mgx/fastq/,E1_MGX_m10_day5_S13
E1_MGX_m10_day6_S40,E1_10,6,NA,NA,0,/scratch/users/dpwong/kim_barcodes/E1_mgx/fastq/,E1_MGX_m10_day6_S40
E1_MGX_m10_day7_S69,E1_10,7,NA,NA,0,/scratch/users/dpwong/kim_barcodes/E1_mgx/fastq/,E1_MGX_m10_day7_S69
E1_MGX_m10_day9_S154,E1_10,9,NA,NA,0,/scratch/users/dpwong/kim_barcodes/E1_mgx/fastq/,E1_MGX_m10_day9_S154
E1_MGX_m10_daycecum_S115,E1_10,100,NA,NA,0,/scratch/users/dpwong/kim_barcodes/E1_mgx/fastq/,E1_MGX_m10_daycecum_S115
E1_MGX_m11_day12_S110,E1_11,12,NA,NA,0,/scratch/users/dpwong/kim_barcodes/E1_mgx/fastq/,E1_MGX_m11_day12_S110
E1_MGX_m11_day14_S146,E1_11,14,NA,NA,0,/scratch/users/dpwong/kim_barcodes/E1_mgx/fastq/,E1_MGX_m11_day14_S146
E1_MGX_m11_day15_S174,E1_11,15,NA,NA,0,/scratch/users/dpwong/kim_barcodes/E1_mgx/fastq/,E1_MGX_m11_day15_S174
E1_MGX_m11_day16_S187,E1_11,16,NA,NA,0,/scratch/users/dpwong/kim_barcodes/E1_mgx/fastq/,E1_MGX_m11_day16_S187
E1_MGX_m11_day17_S209,E1_11,17,NA,NA,0,/scratch/users/dpwong/kim_barcodes/E1_mgx/fastq/,E1_MGX_m11_day17_S209
E1_MGX_m11_day18_S247,E1_11,18,NA,NA,0,/scratch/users/dpwong/kim_barcodes/E1_mgx/fastq/,E1_MGX_m11_day18_S247
E1_MGX_m11_day19_S23,E1_11,19,NA,NA,0,/scratch/users/dpwong/kim_barcodes/E1_mgx/fastq/,E1_MGX_m11_day19_S23
E1_MGX_m11_day1_S133,E1_11,1,NA,NA,0,/scratch/users/dpwong/kim_barcodes/E1_mgx/fastq/,E1_MGX_m11_day1_S133
E1_MGX_m11_day20_S52,E1_11,20,NA,NA,0,/scratch/users/dpwong/kim_barcodes/E1_mgx/fastq/,E1_MGX_m11_day20_S52
E1_MGX_m11_day21_S83,E1_11,21,NA,NA,0,/scratch/users/dpwong/kim_barcodes/E1_mgx/fastq/,E1_MGX_m11_day21_S83
E1_MGX_m11_day22_S190,E1_11,22,NA,NA,0,/scratch/users/dpwong/kim_barcodes/E1_mgx/fastq/,E1_MGX_m11_day22_S190
E1_MGX_m11_day29_S81,E1_11,29,NA,NA,0,/scratch/users/dpwong/kim_barcodes/E1_mgx/fastq/,E1_MGX_m11_day29_S81
E1_MGX_m11_day2_S152,E1_11,2,NA,NA,0,/scratch/users/dpwong/kim_barcodes/E1_mgx/fastq/,E1_MGX_m11_day2_S152
E1_MGX_m11_day33_S123,E1_11,33,NA,NA,0,/scratch/users/dpwong/kim_barcodes/E1_mgx/fastq/,E1_MGX_m11_day33_S123
E1_MGX_m11_day36_S166,E1_11,36,NA,NA,0,/scratch/users/dpwong/kim_barcodes/E1_mgx/fastq/,E1_MGX_m11_day36_S166
E1_MGX_m11_day3_S199,E1_11,3,NA,NA,0,/scratch/users/dpwong/kim_barcodes/E1_mgx/fastq/,E1_MGX_m11_day3_S199
E1_MGX_m11_day4_S237,E1_11,4,NA,NA,0,/scratch/users/dpwong/kim_barcodes/E1_mgx/fastq/,E1_MGX_m11_day4_S237
E1_MGX_m11_day5_S15,E1_11,5,NA,NA,0,/scratch/users/dpwong/kim_barcodes/E1_mgx/fastq/,E1_MGX_m11_day5_S15
E1_MGX_m11_day6_S42,E1_11,6,NA,NA,0,/scratch/users/dpwong/kim_barcodes/E1_mgx/fastq/,E1_MGX_m11_day6_S42
E1_MGX_m11_day7_S72,E1_11,7,NA,NA,0,/scratch/users/dpwong/kim_barcodes/E1_mgx/fastq/,E1_MGX_m11_day7_S72
E1_MGX_m11_day9_S169,E1_11,9,NA,NA,0,/scratch/users/dpwong/kim_barcodes/E1_mgx/fastq/,E1_MGX_m11_day9_S169
E1_MGX_m11_daycecum_S116,E1_11,100,NA,NA,0,/scratch/users/dpwong/kim_barcodes/E1_mgx/fastq/,E1_MGX_m11_daycecum_S116
E1_MGX_m12_day12_S112,E1_12,12,NA,NA,0,/scratch/users/dpwong/kim_barcodes/E1_mgx/fastq/,E1_MGX_m12_day12_S112
E1_MGX_m12_day14_S148,E1_12,14,NA,NA,0,/scratch/users/dpwong/kim_barcodes/E1_mgx/fastq/,E1_MGX_m12_day14_S148
E1_MGX_m12_day15_S177,E1_12,15,NA,NA,0,/scratch/users/dpwong/kim_barcodes/E1_mgx/fastq/,E1_MGX_m12_day15_S177
E1_MGX_m12_day16_S188,E1_12,16,NA,NA,0,/scratch/users/dpwong/kim_barcodes/E1_mgx/fastq/,E1_MGX_m12_day16_S188
E1_MGX_m12_day17_S212,E1_12,17,NA,NA,0,/scratch/users/dpwong/kim_barcodes/E1_mgx/fastq/,E1_MGX_m12_day17_S212
E1_MGX_m12_day19_S25,E1_12,19,NA,NA,0,/scratch/users/dpwong/kim_barcodes/E1_mgx/fastq/,E1_MGX_m12_day19_S25
E1_MGX_m12_day1_S149,E1_12,1,NA,NA,0,/scratch/users/dpwong/kim_barcodes/E1_mgx/fastq/,E1_MGX_m12_day1_S149
E1_MGX_m12_day20_S54,E1_12,20,NA,NA,0,/scratch/users/dpwong/kim_barcodes/E1_mgx/fastq/,E1_MGX_m12_day20_S54
E1_MGX_m12_day21_S86,E1_12,21,NA,NA,0,/scratch/users/dpwong/kim_barcodes/E1_mgx/fastq/,E1_MGX_m12_day21_S86
E1_MGX_m12_day22_S111,E1_12,22,NA,NA,0,/scratch/users/dpwong/kim_barcodes/E1_mgx/fastq/,E1_MGX_m12_day22_S111
E1_MGX_m12_day29_S84,E1_12,29,NA,NA,0,/scratch/users/dpwong/kim_barcodes/E1_mgx/fastq/,E1_MGX_m12_day29_S84
E1_MGX_m12_day2_S167,E1_12,2,NA,NA,0,/scratch/users/dpwong/kim_barcodes/E1_mgx/fastq/,E1_MGX_m12_day2_S167
E1_MGX_m12_day3_S202,E1_12,3,NA,NA,0,/scratch/users/dpwong/kim_barcodes/E1_mgx/fastq/,E1_MGX_m12_day3_S202
E1_MGX_m12_day40_S250,E1_12,40,NA,NA,0,/scratch/users/dpwong/kim_barcodes/E1_mgx/fastq/,E1_MGX_m12_day40_S250
E1_MGX_m12_day4_S240,E1_12,4,NA,NA,0,/scratch/users/dpwong/kim_barcodes/E1_mgx/fastq/,E1_MGX_m12_day4_S240
E1_MGX_m12_day5_S17,E1_12,5,NA,NA,0,/scratch/users/dpwong/kim_barcodes/E1_mgx/fastq/,E1_MGX_m12_day5_S17
E1_MGX_m12_day6_S44,E1_12,6,NA,NA,0,/scratch/users/dpwong/kim_barcodes/E1_mgx/fastq/,E1_MGX_m12_day6_S44
E1_MGX_m12_day7_S74,E1_12,7,NA,NA,0,/scratch/users/dpwong/kim_barcodes/E1_mgx/fastq/,E1_MGX_m12_day7_S74
E1_MGX_m12_day9_S170,E1_12,9,NA,NA,0,/scratch/users/dpwong/kim_barcodes/E1_mgx/fastq/,E1_MGX_m12_day9_S170
E1_MGX_m12_daycecum_S131,E1_12,100,NA,NA,0,/scratch/users/dpwong/kim_barcodes/E1_mgx/fastq/,E1_MGX_m12_daycecum_S131
E1_MGX_m13_day15_S180,E1_13,15,NA,NA,0,/scratch/users/dpwong/kim_barcodes/E1_mgx/fastq/,E1_MGX_m13_day15_S180
E1_MGX_m13_day17_S215,E1_13,17,NA,NA,0,/scratch/users/dpwong/kim_barcodes/E1_mgx/fastq/,E1_MGX_m13_day17_S215
E1_MGX_m13_day19_S27,E1_13,19,NA,NA,0,/scratch/users/dpwong/kim_barcodes/E1_mgx/fastq/,E1_MGX_m13_day19_S27
E1_MGX_m13_day1_S150,E1_13,1,NA,NA,0,/scratch/users/dpwong/kim_barcodes/E1_mgx/fastq/,E1_MGX_m13_day1_S150
E1_MGX_m13_day20_S56,E1_13,20,NA,NA,0,/scratch/users/dpwong/kim_barcodes/E1_mgx/fastq/,E1_MGX_m13_day20_S56
E1_MGX_m13_day21_S89,E1_13,21,NA,NA,0,/scratch/users/dpwong/kim_barcodes/E1_mgx/fastq/,E1_MGX_m13_day21_S89
E1_MGX_m13_day22_S112,E1_13,22,NA,NA,0,/scratch/users/dpwong/kim_barcodes/E1_mgx/fastq/,E1_MGX_m13_day22_S112
E1_MGX_m13_day27_S131,E1_13,27,NA,NA,0,/scratch/users/dpwong/kim_barcodes/E1_mgx/fastq/,E1_MGX_m13_day27_S131
E1_MGX_m13_day29_S87,E1_13,29,NA,NA,0,/scratch/users/dpwong/kim_barcodes/E1_mgx/fastq/,E1_MGX_m13_day29_S87
E1_MGX_m13_day2_S168,E1_13,2,NA,NA,0,/scratch/users/dpwong/kim_barcodes/E1_mgx/fastq/,E1_MGX_m13_day2_S168
E1_MGX_m13_day33_S126,E1_13,33,NA,NA,0,/scratch/users/dpwong/kim_barcodes/E1_mgx/fastq/,E1_MGX_m13_day33_S126
E1_MGX_m13_day36_S169,E1_13,36,NA,NA,0,/scratch/users/dpwong/kim_barcodes/E1_mgx/fastq/,E1_MGX_m13_day36_S169
E1_MGX_m13_day3_S205,E1_13,3,NA,NA,0,/scratch/users/dpwong/kim_barcodes/E1_mgx/fastq/,E1_MGX_m13_day3_S205
E1_MGX_m13_day40_S164,E1_13,40,NA,NA,0,/scratch/users/dpwong/kim_barcodes/E1_mgx/fastq/,E1_MGX_m13_day40_S164
E1_MGX_m13_day4_S243,E1_13,4,NA,NA,0,/scratch/users/dpwong/kim_barcodes/E1_mgx/fastq/,E1_MGX_m13_day4_S243
E1_MGX_m13_day51_S129,E1_13,51,NA,NA,0,/scratch/users/dpwong/kim_barcodes/E1_mgx/fastq/,E1_MGX_m13_day51_S129
E1_MGX_m13_day6_S47,E1_13,6,NA,NA,0,/scratch/users/dpwong/kim_barcodes/E1_mgx/fastq/,E1_MGX_m13_day6_S47
E1_MGX_m13_day7_S76,E1_13,7,NA,NA,0,/scratch/users/dpwong/kim_barcodes/E1_mgx/fastq/,E1_MGX_m13_day7_S76
E1_MGX_m13_day9_S185,E1_13,9,NA,NA,0,/scratch/users/dpwong/kim_barcodes/E1_mgx/fastq/,E1_MGX_m13_day9_S185
E1_MGX_m13_daycecum_S132,E1_13,100,NA,NA,0,/scratch/users/dpwong/kim_barcodes/E1_mgx/fastq/,E1_MGX_m13_daycecum_S132
E1_MGX_m1_day12_S79,E1_1,12,NA,NA,0,/scratch/users/dpwong/kim_barcodes/E1_mgx/fastq/,E1_MGX_m1_day12_S79
E1_MGX_m1_day14_S115,E1_1,14,NA,NA,0,/scratch/users/dpwong/kim_barcodes/E1_mgx/fastq/,E1_MGX_m1_day14_S115
E1_MGX_m1_day15_S151,E1_1,15,NA,NA,0,/scratch/users/dpwong/kim_barcodes/E1_mgx/fastq/,E1_MGX_m1_day15_S151
E1_MGX_m1_day16_S107,E1_1,16,NA,NA,0,/scratch/users/dpwong/kim_barcodes/E1_mgx/fastq/,E1_MGX_m1_day16_S107
E1_MGX_m1_day17_S182,E1_1,17,NA,NA,0,/scratch/users/dpwong/kim_barcodes/E1_mgx/fastq/,E1_MGX_m1_day17_S182
E1_MGX_m1_day18_S217,E1_1,18,NA,NA,0,/scratch/users/dpwong/kim_barcodes/E1_mgx/fastq/,E1_MGX_m1_day18_S217
E1_MGX_m1_day19_S2,E1_1,19,NA,NA,0,/scratch/users/dpwong/kim_barcodes/E1_mgx/fastq/,E1_MGX_m1_day19_S2
E1_MGX_m1_day1_S147,E1_1,1,NA,NA,0,/scratch/users/dpwong/kim_barcodes/E1_mgx/fastq/,E1_MGX_m1_day1_S147
E1_MGX_m1_day20_S29,E1_1,20,NA,NA,0,/scratch/users/dpwong/kim_barcodes/E1_mgx/fastq/,E1_MGX_m1_day20_S29
E1_MGX_m1_day21_S58,E1_1,21,NA,NA,0,/scratch/users/dpwong/kim_barcodes/E1_mgx/fastq/,E1_MGX_m1_day21_S58
E1_MGX_m1_day22_S109,E1_1,22,NA,NA,0,/scratch/users/dpwong/kim_barcodes/E1_mgx/fastq/,E1_MGX_m1_day22_S109
E1_MGX_m1_day27_S92,E1_1,27,NA,NA,0,/scratch/users/dpwong/kim_barcodes/E1_mgx/fastq/,E1_MGX_m1_day27_S92
E1_MGX_m1_day29_S127,E1_1,29,NA,NA,0,/scratch/users/dpwong/kim_barcodes/E1_mgx/fastq/,E1_MGX_m1_day29_S127
E1_MGX_m1_day2_S166,E1_1,2,NA,NA,0,/scratch/users/dpwong/kim_barcodes/E1_mgx/fastq/,E1_MGX_m1_day2_S166
E1_MGX_m1_day33_S93,E1_1,33,NA,NA,0,/scratch/users/dpwong/kim_barcodes/E1_mgx/fastq/,E1_MGX_m1_day33_S93
E1_MGX_m1_day36_S137,E1_1,36,NA,NA,0,/scratch/users/dpwong/kim_barcodes/E1_mgx/fastq/,E1_MGX_m1_day36_S137
E1_MGX_m1_day3_S170,E1_1,3,NA,NA,0,/scratch/users/dpwong/kim_barcodes/E1_mgx/fastq/,E1_MGX_m1_day3_S170
E1_MGX_m1_day40_S132,E1_1,40,NA,NA,0,/scratch/users/dpwong/kim_barcodes/E1_mgx/fastq/,E1_MGX_m1_day40_S132
E1_MGX_m1_day4_S208,E1_1,4,NA,NA,0,/scratch/users/dpwong/kim_barcodes/E1_mgx/fastq/,E1_MGX_m1_day4_S208
E1_MGX_m1_day54_S218,E1_1,54,NA,NA,0,/scratch/users/dpwong/kim_barcodes/E1_mgx/fastq/,E1_MGX_m1_day54_S218
E1_MGX_m1_day5_S246,E1_1,5,NA,NA,0,/scratch/users/dpwong/kim_barcodes/E1_mgx/fastq/,E1_MGX_m1_day5_S246
E1_MGX_m1_day6_S19,E1_1,6,NA,NA,0,/scratch/users/dpwong/kim_barcodes/E1_mgx/fastq/,E1_MGX_m1_day6_S19
E1_MGX_m1_day7_S49,E1_1,7,NA,NA,0,/scratch/users/dpwong/kim_barcodes/E1_mgx/fastq/,E1_MGX_m1_day7_S49
E1_MGX_m1_day9_S183,E1_1,9,NA,NA,0,/scratch/users/dpwong/kim_barcodes/E1_mgx/fastq/,E1_MGX_m1_day9_S183
E1_MGX_m1_daycecum_S130,E1_1,100,NA,NA,0,/scratch/users/dpwong/kim_barcodes/E1_mgx/fastq/,E1_MGX_m1_daycecum_S130
E1_MGX_m2_day12_S82,E1_2,12,NA,NA,0,/scratch/users/dpwong/kim_barcodes/E1_mgx/fastq/,E1_MGX_m2_day12_S82
E1_MGX_m2_day14_S118,E1_2,14,NA,NA,0,/scratch/users/dpwong/kim_barcodes/E1_mgx/fastq/,E1_MGX_m2_day14_S118
E1_MGX_m2_day15_S154,E1_2,15,NA,NA,0,/scratch/users/dpwong/kim_barcodes/E1_mgx/fastq/,E1_MGX_m2_day15_S154
E1_MGX_m2_day16_S108,E1_2,16,NA,NA,0,/scratch/users/dpwong/kim_barcodes/E1_mgx/fastq/,E1_MGX_m2_day16_S108
E1_MGX_m2_day18_S220,E1_2,18,NA,NA,0,/scratch/users/dpwong/kim_barcodes/E1_mgx/fastq/,E1_MGX_m2_day18_S220
E1_MGX_m2_day19_S4,E1_2,19,NA,NA,0,/scratch/users/dpwong/kim_barcodes/E1_mgx/fastq/,E1_MGX_m2_day19_S4
E1_MGX_m2_day1_S148,E1_2,1,NA,NA,0,/scratch/users/dpwong/kim_barcodes/E1_mgx/fastq/,E1_MGX_m2_day1_S148
E1_MGX_m2_day20_S31,E1_2,20,NA,NA,0,/scratch/users/dpwong/kim_barcodes/E1_mgx/fastq/,E1_MGX_m2_day20_S31
E1_MGX_m2_day21_S60,E1_2,21,NA,NA,0,/scratch/users/dpwong/kim_barcodes/E1_mgx/fastq/,E1_MGX_m2_day21_S60
E1_MGX_m2_day22_S110,E1_2,22,NA,NA,0,/scratch/users/dpwong/kim_barcodes/E1_mgx/fastq/,E1_MGX_m2_day22_S110
E1_MGX_m2_day27_S95,E1_2,27,NA,NA,0,/scratch/users/dpwong/kim_barcodes/E1_mgx/fastq/,E1_MGX_m2_day27_S95
E1_MGX_m2_day29_S143,E1_2,29,NA,NA,0,/scratch/users/dpwong/kim_barcodes/E1_mgx/fastq/,E1_MGX_m2_day29_S143
E1_MGX_m2_day2_S181,E1_2,2,NA,NA,0,/scratch/users/dpwong/kim_barcodes/E1_mgx/fastq/,E1_MGX_m2_day2_S181
E1_MGX_m2_day33_S96,E1_2,33,NA,NA,0,/scratch/users/dpwong/kim_barcodes/E1_mgx/fastq/,E1_MGX_m2_day33_S96
E1_MGX_m2_day36_S140,E1_2,36,NA,NA,0,/scratch/users/dpwong/kim_barcodes/E1_mgx/fastq/,E1_MGX_m2_day36_S140
E1_MGX_m2_day3_S173,E1_2,3,NA,NA,0,/scratch/users/dpwong/kim_barcodes/E1_mgx/fastq/,E1_MGX_m2_day3_S173
E1_MGX_m2_day40_S135,E1_2,40,NA,NA,0,/scratch/users/dpwong/kim_barcodes/E1_mgx/fastq/,E1_MGX_m2_day40_S135
E1_MGX_m2_day4_S211,E1_2,4,NA,NA,0,/scratch/users/dpwong/kim_barcodes/E1_mgx/fastq/,E1_MGX_m2_day4_S211
E1_MGX_m2_day54_S221,E1_2,54,NA,NA,0,/scratch/users/dpwong/kim_barcodes/E1_mgx/fastq/,E1_MGX_m2_day54_S221
E1_MGX_m2_day5_S249,E1_2,5,NA,NA,0,/scratch/users/dpwong/kim_barcodes/E1_mgx/fastq/,E1_MGX_m2_day5_S249
E1_MGX_m2_day6_S22,E1_2,6,NA,NA,0,/scratch/users/dpwong/kim_barcodes/E1_mgx/fastq/,E1_MGX_m2_day6_S22
E1_MGX_m2_day7_S51,E1_2,7,NA,NA,0,/scratch/users/dpwong/kim_barcodes/E1_mgx/fastq/,E1_MGX_m2_day7_S51
E1_MGX_m2_day9_S184,E1_2,9,NA,NA,0,/scratch/users/dpwong/kim_barcodes/E1_mgx/fastq/,E1_MGX_m2_day9_S184
E1_MGX_m2_daycecum_S145,E1_2,100,NA,NA,0,/scratch/users/dpwong/kim_barcodes/E1_mgx/fastq/,E1_MGX_m2_daycecum_S145
E1_MGX_m3_day12_S85,E1_3,12,NA,NA,0,/scratch/users/dpwong/kim_barcodes/E1_mgx/fastq/,E1_MGX_m3_day12_S85
E1_MGX_m3_day14_S121,E1_3,14,NA,NA,0,/scratch/users/dpwong/kim_barcodes/E1_mgx/fastq/,E1_MGX_m3_day14_S121
E1_MGX_m3_day15_S157,E1_3,15,NA,NA,0,/scratch/users/dpwong/kim_barcodes/E1_mgx/fastq/,E1_MGX_m3_day15_S157
E1_MGX_m3_day16_S123,E1_3,16,NA,NA,0,/scratch/users/dpwong/kim_barcodes/E1_mgx/fastq/,E1_MGX_m3_day16_S123
E1_MGX_m3_day17_S185,E1_3,17,NA,NA,0,/scratch/users/dpwong/kim_barcodes/E1_mgx/fastq/,E1_MGX_m3_day17_S185
E1_MGX_m3_day18_S223,E1_3,18,NA,NA,0,/scratch/users/dpwong/kim_barcodes/E1_mgx/fastq/,E1_MGX_m3_day18_S223
E1_MGX_m3_day19_S6,E1_3,19,NA,NA,0,/scratch/users/dpwong/kim_barcodes/E1_mgx/fastq/,E1_MGX_m3_day19_S6
E1_MGX_m3_day1_S163,E1_3,1,NA,NA,0,/scratch/users/dpwong/kim_barcodes/E1_mgx/fastq/,E1_MGX_m3_day1_S163
E1_MGX_m3_day20_S33,E1_3,20,NA,NA,0,/scratch/users/dpwong/kim_barcodes/E1_mgx/fastq/,E1_MGX_m3_day20_S33
E1_MGX_m3_day21_S64,E1_3,21,NA,NA,0,/scratch/users/dpwong/kim_barcodes/E1_mgx/fastq/,E1_MGX_m3_day21_S64
E1_MGX_m3_day22_S126,E1_3,22,NA,NA,0,/scratch/users/dpwong/kim_barcodes/E1_mgx/fastq/,E1_MGX_m3_day22_S126
E1_MGX_m3_day27_S101,E1_3,27,NA,NA,0,/scratch/users/dpwong/kim_barcodes/E1_mgx/fastq/,E1_MGX_m3_day27_S101
E1_MGX_m3_day29_S144,E1_3,29,NA,NA,0,/scratch/users/dpwong/kim_barcodes/E1_mgx/fastq/,E1_MGX_m3_day29_S144
E1_MGX_m3_day2_S182,E1_3,2,NA,NA,0,/scratch/users/dpwong/kim_barcodes/E1_mgx/fastq/,E1_MGX_m3_day2_S182
E1_MGX_m3_day33_S99,E1_3,33,NA,NA,0,/scratch/users/dpwong/kim_barcodes/E1_mgx/fastq/,E1_MGX_m3_day33_S99
E1_MGX_m3_day36_S144,E1_3,36,NA,NA,0,/scratch/users/dpwong/kim_barcodes/E1_mgx/fastq/,E1_MGX_m3_day36_S144
E1_MGX_m3_day3_S176,E1_3,3,NA,NA,0,/scratch/users/dpwong/kim_barcodes/E1_mgx/fastq/,E1_MGX_m3_day3_S176
E1_MGX_m3_day40_S138,E1_3,40,NA,NA,0,/scratch/users/dpwong/kim_barcodes/E1_mgx/fastq/,E1_MGX_m3_day40_S138
E1_MGX_m3_day4_S214,E1_3,4,NA,NA,0,/scratch/users/dpwong/kim_barcodes/E1_mgx/fastq/,E1_MGX_m3_day4_S214
E1_MGX_m3_day54_S224,E1_3,54,NA,NA,0,/scratch/users/dpwong/kim_barcodes/E1_mgx/fastq/,E1_MGX_m3_day54_S224
E1_MGX_m3_day5_S142,E1_3,5,NA,NA,0,/scratch/users/dpwong/kim_barcodes/E1_mgx/fastq/,E1_MGX_m3_day5_S142
E1_MGX_m3_day6_S24,E1_3,6,NA,NA,0,/scratch/users/dpwong/kim_barcodes/E1_mgx/fastq/,E1_MGX_m3_day6_S24
E1_MGX_m3_day7_S53,E1_3,7,NA,NA,0,/scratch/users/dpwong/kim_barcodes/E1_mgx/fastq/,E1_MGX_m3_day7_S53
E1_MGX_m3_day9_S105,E1_3,9,NA,NA,0,/scratch/users/dpwong/kim_barcodes/E1_mgx/fastq/,E1_MGX_m3_day9_S105
E1_MGX_m3_daycecum_S146,E1_3,100,NA,NA,0,/scratch/users/dpwong/kim_barcodes/E1_mgx/fastq/,E1_MGX_m3_daycecum_S146
E1_MGX_m4_day14_S124,E1_4,14,NA,NA,0,/scratch/users/dpwong/kim_barcodes/E1_mgx/fastq/,E1_MGX_m4_day14_S124
E1_MGX_m4_day15_S160,E1_4,15,NA,NA,0,/scratch/users/dpwong/kim_barcodes/E1_mgx/fastq/,E1_MGX_m4_day15_S160
E1_MGX_m4_day16_S124,E1_4,16,NA,NA,0,/scratch/users/dpwong/kim_barcodes/E1_mgx/fastq/,E1_MGX_m4_day16_S124
E1_MGX_m4_day17_S188,E1_4,17,NA,NA,0,/scratch/users/dpwong/kim_barcodes/E1_mgx/fastq/,E1_MGX_m4_day17_S188
E1_MGX_m4_day18_S226,E1_4,18,NA,NA,0,/scratch/users/dpwong/kim_barcodes/E1_mgx/fastq/,E1_MGX_m4_day18_S226
E1_MGX_m4_day19_S8,E1_4,19,NA,NA,0,/scratch/users/dpwong/kim_barcodes/E1_mgx/fastq/,E1_MGX_m4_day19_S8
E1_MGX_m4_day1_S164,E1_4,1,NA,NA,0,/scratch/users/dpwong/kim_barcodes/E1_mgx/fastq/,E1_MGX_m4_day1_S164
E1_MGX_m4_day20_S37,E1_4,20,NA,NA,0,/scratch/users/dpwong/kim_barcodes/E1_mgx/fastq/,E1_MGX_m4_day20_S37
E1_MGX_m4_day21_S66,E1_4,21,NA,NA,0,/scratch/users/dpwong/kim_barcodes/E1_mgx/fastq/,E1_MGX_m4_day21_S66
E1_MGX_m4_day22_S141,E1_4,22,NA,NA,0,/scratch/users/dpwong/kim_barcodes/E1_mgx/fastq/,E1_MGX_m4_day22_S141
E1_MGX_m4_day27_S104,E1_4,27,NA,NA,0,/scratch/users/dpwong/kim_barcodes/E1_mgx/fastq/,E1_MGX_m4_day27_S104
E1_MGX_m4_day29_S159,E1_4,29,NA,NA,0,/scratch/users/dpwong/kim_barcodes/E1_mgx/fastq/,E1_MGX_m4_day29_S159
E1_MGX_m4_day2_S103,E1_4,2,NA,NA,0,/scratch/users/dpwong/kim_barcodes/E1_mgx/fastq/,E1_MGX_m4_day2_S103
E1_MGX_m4_day33_S102,E1_4,33,NA,NA,0,/scratch/users/dpwong/kim_barcodes/E1_mgx/fastq/,E1_MGX_m4_day33_S102
E1_MGX_m4_day36_S147,E1_4,36,NA,NA,0,/scratch/users/dpwong/kim_barcodes/E1_mgx/fastq/,E1_MGX_m4_day36_S147
E1_MGX_m4_day3_S179,E1_4,3,NA,NA,0,/scratch/users/dpwong/kim_barcodes/E1_mgx/fastq/,E1_MGX_m4_day3_S179
E1_MGX_m4_day40_S141,E1_4,40,NA,NA,0,/scratch/users/dpwong/kim_barcodes/E1_mgx/fastq/,E1_MGX_m4_day40_S141
E1_MGX_m4_day4_S106,E1_4,4,NA,NA,0,/scratch/users/dpwong/kim_barcodes/E1_mgx/fastq/,E1_MGX_m4_day4_S106
E1_MGX_m4_day54_S227,E1_4,54,NA,NA,0,/scratch/users/dpwong/kim_barcodes/E1_mgx/fastq/,E1_MGX_m4_day54_S227
E1_MGX_m4_day5_S1,E1_4,5,NA,NA,0,/scratch/users/dpwong/kim_barcodes/E1_mgx/fastq/,E1_MGX_m4_day5_S1
E1_MGX_m4_day6_S26,E1_4,6,NA,NA,0,/scratch/users/dpwong/kim_barcodes/E1_mgx/fastq/,E1_MGX_m4_day6_S26
E1_MGX_m4_day7_S55,E1_4,7,NA,NA,0,/scratch/users/dpwong/kim_barcodes/E1_mgx/fastq/,E1_MGX_m4_day7_S55
E1_MGX_m4_day9_S106,E1_4,9,NA,NA,0,/scratch/users/dpwong/kim_barcodes/E1_mgx/fastq/,E1_MGX_m4_day9_S106
E1_MGX_m4_daycecum_S161,E1_4,100,NA,NA,0,/scratch/users/dpwong/kim_barcodes/E1_mgx/fastq/,E1_MGX_m4_daycecum_S161
E1_MGX_m5_day12_S88,E1_5,12,NA,NA,0,/scratch/users/dpwong/kim_barcodes/E1_mgx/fastq/,E1_MGX_m5_day12_S88
E1_MGX_m5_day14_S127,E1_5,14,NA,NA,0,/scratch/users/dpwong/kim_barcodes/E1_mgx/fastq/,E1_MGX_m5_day14_S127
E1_MGX_m5_day16_S139,E1_5,16,NA,NA,0,/scratch/users/dpwong/kim_barcodes/E1_mgx/fastq/,E1_MGX_m5_day16_S139
E1_MGX_m5_day17_S191,E1_5,17,NA,NA,0,/scratch/users/dpwong/kim_barcodes/E1_mgx/fastq/,E1_MGX_m5_day17_S191
E1_MGX_m5_day18_S229,E1_5,18,NA,NA,0,/scratch/users/dpwong/kim_barcodes/E1_mgx/fastq/,E1_MGX_m5_day18_S229
E1_MGX_m5_day19_S10,E1_5,19,NA,NA,0,/scratch/users/dpwong/kim_barcodes/E1_mgx/fastq/,E1_MGX_m5_day19_S10
E1_MGX_m5_day1_S179,E1_5,1,NA,NA,0,/scratch/users/dpwong/kim_barcodes/E1_mgx/fastq/,E1_MGX_m5_day1_S179
E1_MGX_m5_day20_S39,E1_5,20,NA,NA,0,/scratch/users/dpwong/kim_barcodes/E1_mgx/fastq/,E1_MGX_m5_day20_S39
E1_MGX_m5_day21_S68,E1_5,21,NA,NA,0,/scratch/users/dpwong/kim_barcodes/E1_mgx/fastq/,E1_MGX_m5_day21_S68
E1_MGX_m5_day22_S142,E1_5,22,NA,NA,0,/scratch/users/dpwong/kim_barcodes/E1_mgx/fastq/,E1_MGX_m5_day22_S142
E1_MGX_m5_day27_S108,E1_5,27,NA,NA,0,/scratch/users/dpwong/kim_barcodes/E1_mgx/fastq/,E1_MGX_m5_day27_S108
E1_MGX_m5_day29_S160,E1_5,29,NA,NA,0,/scratch/users/dpwong/kim_barcodes/E1_mgx/fastq/,E1_MGX_m5_day29_S160
E1_MGX_m5_day2_S104,E1_5,2,NA,NA,0,/scratch/users/dpwong/kim_barcodes/E1_mgx/fastq/,E1_MGX_m5_day2_S104
E1_MGX_m5_day33_S105,E1_5,33,NA,NA,0,/scratch/users/dpwong/kim_barcodes/E1_mgx/fastq/,E1_MGX_m5_day33_S105
E1_MGX_m5_day36_S149,E1_5,36,NA,NA,0,/scratch/users/dpwong/kim_barcodes/E1_mgx/fastq/,E1_MGX_m5_day36_S149
E1_MGX_m5_day3_S71,E1_5,3,NA,NA,0,/scratch/users/dpwong/kim_barcodes/E1_mgx/fastq/,E1_MGX_m5_day3_S71
E1_MGX_m5_day40_S145,E1_5,40,NA,NA,0,/scratch/users/dpwong/kim_barcodes/E1_mgx/fastq/,E1_MGX_m5_day40_S145
E1_MGX_m5_day4_S219,E1_5,4,NA,NA,0,/scratch/users/dpwong/kim_barcodes/E1_mgx/fastq/,E1_MGX_m5_day4_S219
E1_MGX_m5_day54_S230,E1_5,54,NA,NA,0,/scratch/users/dpwong/kim_barcodes/E1_mgx/fastq/,E1_MGX_m5_day54_S230
E1_MGX_m5_day5_S3,E1_5,5,NA,NA,0,/scratch/users/dpwong/kim_barcodes/E1_mgx/fastq/,E1_MGX_m5_day5_S3
E1_MGX_m5_day6_S28,E1_5,6,NA,NA,0,/scratch/users/dpwong/kim_barcodes/E1_mgx/fastq/,E1_MGX_m5_day6_S28
E1_MGX_m5_day7_S57,E1_5,7,NA,NA,0,/scratch/users/dpwong/kim_barcodes/E1_mgx/fastq/,E1_MGX_m5_day7_S57
E1_MGX_m5_day9_S121,E1_5,9,NA,NA,0,/scratch/users/dpwong/kim_barcodes/E1_mgx/fastq/,E1_MGX_m5_day9_S121
E1_MGX_m5_daycecum_S162,E1_5,100,NA,NA,0,/scratch/users/dpwong/kim_barcodes/E1_mgx/fastq/,E1_MGX_m5_daycecum_S162
E1_MGX_m6_day12_S94,E1_6,12,NA,NA,0,/scratch/users/dpwong/kim_barcodes/E1_mgx/fastq/,E1_MGX_m6_day12_S94
E1_MGX_m6_day14_S133,E1_6,14,NA,NA,0,/scratch/users/dpwong/kim_barcodes/E1_mgx/fastq/,E1_MGX_m6_day14_S133
E1_MGX_m6_day15_S162,E1_6,15,NA,NA,0,/scratch/users/dpwong/kim_barcodes/E1_mgx/fastq/,E1_MGX_m6_day15_S162
E1_MGX_m6_day16_S140,E1_6,16,NA,NA,0,/scratch/users/dpwong/kim_barcodes/E1_mgx/fastq/,E1_MGX_m6_day16_S140
E1_MGX_m6_day17_S194,E1_6,17,NA,NA,0,/scratch/users/dpwong/kim_barcodes/E1_mgx/fastq/,E1_MGX_m6_day17_S194
E1_MGX_m6_day18_S232,E1_6,18,NA,NA,0,/scratch/users/dpwong/kim_barcodes/E1_mgx/fastq/,E1_MGX_m6_day18_S232
E1_MGX_m6_day19_S12,E1_6,19,NA,NA,0,/scratch/users/dpwong/kim_barcodes/E1_mgx/fastq/,E1_MGX_m6_day19_S12
E1_MGX_m6_day1_S180,E1_6,1,NA,NA,0,/scratch/users/dpwong/kim_barcodes/E1_mgx/fastq/,E1_MGX_m6_day1_S180
E1_MGX_m6_day20_S41,E1_6,20,NA,NA,0,/scratch/users/dpwong/kim_barcodes/E1_mgx/fastq/,E1_MGX_m6_day20_S41
E1_MGX_m6_day21_S70,E1_6,21,NA,NA,0,/scratch/users/dpwong/kim_barcodes/E1_mgx/fastq/,E1_MGX_m6_day21_S70
E1_MGX_m6_day22_S157,E1_6,22,NA,NA,0,/scratch/users/dpwong/kim_barcodes/E1_mgx/fastq/,E1_MGX_m6_day22_S157
E1_MGX_m6_day27_S111,E1_6,27,NA,NA,0,/scratch/users/dpwong/kim_barcodes/E1_mgx/fastq/,E1_MGX_m6_day27_S111
E1_MGX_m6_day29_S175,E1_6,29,NA,NA,0,/scratch/users/dpwong/kim_barcodes/E1_mgx/fastq/,E1_MGX_m6_day29_S175
E1_MGX_m6_day2_S119,E1_6,2,NA,NA,0,/scratch/users/dpwong/kim_barcodes/E1_mgx/fastq/,E1_MGX_m6_day2_S119
E1_MGX_m6_day33_S109,E1_6,33,NA,NA,0,/scratch/users/dpwong/kim_barcodes/E1_mgx/fastq/,E1_MGX_m6_day33_S109
E1_MGX_m6_day36_S152,E1_6,36,NA,NA,0,/scratch/users/dpwong/kim_barcodes/E1_mgx/fastq/,E1_MGX_m6_day36_S152
E1_MGX_m6_day3_S184,E1_6,3,NA,NA,0,/scratch/users/dpwong/kim_barcodes/E1_mgx/fastq/,E1_MGX_m6_day3_S184
E1_MGX_m6_day40_S46,E1_6,40,NA,NA,0,/scratch/users/dpwong/kim_barcodes/E1_mgx/fastq/,E1_MGX_m6_day40_S46
E1_MGX_m6_day4_S222,E1_6,4,NA,NA,0,/scratch/users/dpwong/kim_barcodes/E1_mgx/fastq/,E1_MGX_m6_day4_S222
E1_MGX_m6_day54_S233,E1_6,54,NA,NA,0,/scratch/users/dpwong/kim_barcodes/E1_mgx/fastq/,E1_MGX_m6_day54_S233
E1_MGX_m6_day5_S5,E1_6,5,NA,NA,0,/scratch/users/dpwong/kim_barcodes/E1_mgx/fastq/,E1_MGX_m6_day5_S5
E1_MGX_m6_day6_S30,E1_6,6,NA,NA,0,/scratch/users/dpwong/kim_barcodes/E1_mgx/fastq/,E1_MGX_m6_day6_S30
E1_MGX_m6_day7_S61,E1_6,7,NA,NA,0,/scratch/users/dpwong/kim_barcodes/E1_mgx/fastq/,E1_MGX_m6_day7_S61
E1_MGX_m6_day9_S122,E1_6,9,NA,NA,0,/scratch/users/dpwong/kim_barcodes/E1_mgx/fastq/,E1_MGX_m6_day9_S122
E1_MGX_m6_daycecum_S177,E1_6,100,NA,NA,0,/scratch/users/dpwong/kim_barcodes/E1_mgx/fastq/,E1_MGX_m6_daycecum_S177
E1_MGX_m7_day12_S97,E1_7,12,NA,NA,0,/scratch/users/dpwong/kim_barcodes/E1_mgx/fastq/,E1_MGX_m7_day12_S97
E1_MGX_m7_day15_S165,E1_7,15,NA,NA,0,/scratch/users/dpwong/kim_barcodes/E1_mgx/fastq/,E1_MGX_m7_day15_S165
E1_MGX_m7_day16_S155,E1_7,16,NA,NA,0,/scratch/users/dpwong/kim_barcodes/E1_mgx/fastq/,E1_MGX_m7_day16_S155
E1_MGX_m7_day17_S197,E1_7,17,NA,NA,0,/scratch/users/dpwong/kim_barcodes/E1_mgx/fastq/,E1_MGX_m7_day17_S197
E1_MGX_m7_day18_S235,E1_7,18,NA,NA,0,/scratch/users/dpwong/kim_barcodes/E1_mgx/fastq/,E1_MGX_m7_day18_S235
E1_MGX_m7_day19_S14,E1_7,19,NA,NA,0,/scratch/users/dpwong/kim_barcodes/E1_mgx/fastq/,E1_MGX_m7_day19_S14
E1_MGX_m7_day1_S101,E1_7,1,NA,NA,0,/scratch/users/dpwong/kim_barcodes/E1_mgx/fastq/,E1_MGX_m7_day1_S101
E1_MGX_m7_day20_S43,E1_7,20,NA,NA,0,/scratch/users/dpwong/kim_barcodes/E1_mgx/fastq/,E1_MGX_m7_day20_S43
E1_MGX_m7_day21_S73,E1_7,21,NA,NA,0,/scratch/users/dpwong/kim_barcodes/E1_mgx/fastq/,E1_MGX_m7_day21_S73
E1_MGX_m7_day22_S158,E1_7,22,NA,NA,0,/scratch/users/dpwong/kim_barcodes/E1_mgx/fastq/,E1_MGX_m7_day22_S158
E1_MGX_m7_day27_S113,E1_7,27,NA,NA,0,/scratch/users/dpwong/kim_barcodes/E1_mgx/fastq/,E1_MGX_m7_day27_S113
E1_MGX_m7_day29_S176,E1_7,29,NA,NA,0,/scratch/users/dpwong/kim_barcodes/E1_mgx/fastq/,E1_MGX_m7_day29_S176
E1_MGX_m7_day2_S120,E1_7,2,NA,NA,0,/scratch/users/dpwong/kim_barcodes/E1_mgx/fastq/,E1_MGX_m7_day2_S120
E1_MGX_m7_day33_S21,E1_7,33,NA,NA,0,/scratch/users/dpwong/kim_barcodes/E1_mgx/fastq/,E1_MGX_m7_day33_S21
E1_MGX_m7_day36_S155,E1_7,36,NA,NA,0,/scratch/users/dpwong/kim_barcodes/E1_mgx/fastq/,E1_MGX_m7_day36_S155
E1_MGX_m7_day3_S187,E1_7,3,NA,NA,0,/scratch/users/dpwong/kim_barcodes/E1_mgx/fastq/,E1_MGX_m7_day3_S187
E1_MGX_m7_day40_S150,E1_7,40,NA,NA,0,/scratch/users/dpwong/kim_barcodes/E1_mgx/fastq/,E1_MGX_m7_day40_S150
E1_MGX_m7_day4_S225,E1_7,4,NA,NA,0,/scratch/users/dpwong/kim_barcodes/E1_mgx/fastq/,E1_MGX_m7_day4_S225
E1_MGX_m7_day54_S236,E1_7,54,NA,NA,0,/scratch/users/dpwong/kim_barcodes/E1_mgx/fastq/,E1_MGX_m7_day54_S236
E1_MGX_m7_day5_S7,E1_7,5,NA,NA,0,/scratch/users/dpwong/kim_barcodes/E1_mgx/fastq/,E1_MGX_m7_day5_S7
E1_MGX_m7_day6_S34,E1_7,6,NA,NA,0,/scratch/users/dpwong/kim_barcodes/E1_mgx/fastq/,E1_MGX_m7_day6_S34
E1_MGX_m7_day7_S63,E1_7,7,NA,NA,0,/scratch/users/dpwong/kim_barcodes/E1_mgx/fastq/,E1_MGX_m7_day7_S63
E1_MGX_m7_day9_S137,E1_7,9,NA,NA,0,/scratch/users/dpwong/kim_barcodes/E1_mgx/fastq/,E1_MGX_m7_day9_S137
E1_MGX_m7_daycecum_S178,E1_7,100,NA,NA,0,/scratch/users/dpwong/kim_barcodes/E1_mgx/fastq/,E1_MGX_m7_daycecum_S178
E1_MGX_m8_day12_S100,E1_8,12,NA,NA,0,/scratch/users/dpwong/kim_barcodes/E1_mgx/fastq/,E1_MGX_m8_day12_S100
E1_MGX_m8_day14_S136,E1_8,14,NA,NA,0,/scratch/users/dpwong/kim_barcodes/E1_mgx/fastq/,E1_MGX_m8_day14_S136
E1_MGX_m8_day15_S171,E1_8,15,NA,NA,0,/scratch/users/dpwong/kim_barcodes/E1_mgx/fastq/,E1_MGX_m8_day15_S171
E1_MGX_m8_day16_S156,E1_8,16,NA,NA,0,/scratch/users/dpwong/kim_barcodes/E1_mgx/fastq/,E1_MGX_m8_day16_S156
E1_MGX_m8_day17_S200,E1_8,17,NA,NA,0,/scratch/users/dpwong/kim_barcodes/E1_mgx/fastq/,E1_MGX_m8_day17_S200
E1_MGX_m8_day18_S238,E1_8,18,NA,NA,0,/scratch/users/dpwong/kim_barcodes/E1_mgx/fastq/,E1_MGX_m8_day18_S238
E1_MGX_m8_day19_S16,E1_8,19,NA,NA,0,/scratch/users/dpwong/kim_barcodes/E1_mgx/fastq/,E1_MGX_m8_day19_S16
E1_MGX_m8_day1_S102,E1_8,1,NA,NA,0,/scratch/users/dpwong/kim_barcodes/E1_mgx/fastq/,E1_MGX_m8_day1_S102
E1_MGX_m8_day20_S45,E1_8,20,NA,NA,0,/scratch/users/dpwong/kim_barcodes/E1_mgx/fastq/,E1_MGX_m8_day20_S45
E1_MGX_m8_day21_S75,E1_8,21,NA,NA,0,/scratch/users/dpwong/kim_barcodes/E1_mgx/fastq/,E1_MGX_m8_day21_S75
E1_MGX_m8_day22_S173,E1_8,22,NA,NA,0,/scratch/users/dpwong/kim_barcodes/E1_mgx/fastq/,E1_MGX_m8_day22_S173
E1_MGX_m8_day27_S116,E1_8,27,NA,NA,0,/scratch/users/dpwong/kim_barcodes/E1_mgx/fastq/,E1_MGX_m8_day27_S116
E1_MGX_m8_day29_S191,E1_8,29,NA,NA,0,/scratch/users/dpwong/kim_barcodes/E1_mgx/fastq/,E1_MGX_m8_day29_S191
E1_MGX_m8_day2_S135,E1_8,2,NA,NA,0,/scratch/users/dpwong/kim_barcodes/E1_mgx/fastq/,E1_MGX_m8_day2_S135
E1_MGX_m8_day33_S114,E1_8,33,NA,NA,0,/scratch/users/dpwong/kim_barcodes/E1_mgx/fastq/,E1_MGX_m8_day33_S114
E1_MGX_m8_day36_S158,E1_8,36,NA,NA,0,/scratch/users/dpwong/kim_barcodes/E1_mgx/fastq/,E1_MGX_m8_day36_S158
E1_MGX_m8_day3_S190,E1_8,3,NA,NA,0,/scratch/users/dpwong/kim_barcodes/E1_mgx/fastq/,E1_MGX_m8_day3_S190
E1_MGX_m8_day40_S153,E1_8,40,NA,NA,0,/scratch/users/dpwong/kim_barcodes/E1_mgx/fastq/,E1_MGX_m8_day40_S153
E1_MGX_m8_day45_S175,E1_8,45,NA,NA,0,/scratch/users/dpwong/kim_barcodes/E1_mgx/fastq/,E1_MGX_m8_day45_S175
E1_MGX_m8_day46_S183,E1_8,46,NA,NA,0,/scratch/users/dpwong/kim_barcodes/E1_mgx/fastq/,E1_MGX_m8_day46_S183
E1_MGX_m8_day47_S192,E1_8,47,NA,NA,0,/scratch/users/dpwong/kim_barcodes/E1_mgx/fastq/,E1_MGX_m8_day47_S192
E1_MGX_m8_day48_S201,E1_8,48,NA,NA,0,/scratch/users/dpwong/kim_barcodes/E1_mgx/fastq/,E1_MGX_m8_day48_S201
E1_MGX_m8_day4_S228,E1_8,4,NA,NA,0,/scratch/users/dpwong/kim_barcodes/E1_mgx/fastq/,E1_MGX_m8_day4_S228
E1_MGX_m8_day54_S239,E1_8,54,NA,NA,0,/scratch/users/dpwong/kim_barcodes/E1_mgx/fastq/,E1_MGX_m8_day54_S239
E1_MGX_m8_day5_S9,E1_8,5,NA,NA,0,/scratch/users/dpwong/kim_barcodes/E1_mgx/fastq/,E1_MGX_m8_day5_S9
E1_MGX_m8_day6_S36,E1_8,6,NA,NA,0,/scratch/users/dpwong/kim_barcodes/E1_mgx/fastq/,E1_MGX_m8_day6_S36
E1_MGX_m8_day7_S65,E1_8,7,NA,NA,0,/scratch/users/dpwong/kim_barcodes/E1_mgx/fastq/,E1_MGX_m8_day7_S65
E1_MGX_m8_day9_S138,E1_8,9,NA,NA,0,/scratch/users/dpwong/kim_barcodes/E1_mgx/fastq/,E1_MGX_m8_day9_S138
E1_MGX_m8_daycecum_S99,E1_8,100,NA,NA,0,/scratch/users/dpwong/kim_barcodes/E1_mgx/fastq/,E1_MGX_m8_daycecum_S99
E1_MGX_m9_day12_S103,E1_9,12,NA,NA,0,/scratch/users/dpwong/kim_barcodes/E1_mgx/fastq/,E1_MGX_m9_day12_S103
E1_MGX_m9_day14_S139,E1_9,14,NA,NA,0,/scratch/users/dpwong/kim_barcodes/E1_mgx/fastq/,E1_MGX_m9_day14_S139
E1_MGX_m9_day16_S171,E1_9,16,NA,NA,0,/scratch/users/dpwong/kim_barcodes/E1_mgx/fastq/,E1_MGX_m9_day16_S171
E1_MGX_m9_day17_S203,E1_9,17,NA,NA,0,/scratch/users/dpwong/kim_barcodes/E1_mgx/fastq/,E1_MGX_m9_day17_S203
E1_MGX_m9_day18_S241,E1_9,18,NA,NA,0,/scratch/users/dpwong/kim_barcodes/E1_mgx/fastq/,E1_MGX_m9_day18_S241
E1_MGX_m9_day19_S18,E1_9,19,NA,NA,0,/scratch/users/dpwong/kim_barcodes/E1_mgx/fastq/,E1_MGX_m9_day19_S18
E1_MGX_m9_day1_S117,E1_9,1,NA,NA,0,/scratch/users/dpwong/kim_barcodes/E1_mgx/fastq/,E1_MGX_m9_day1_S117
E1_MGX_m9_day20_S48,E1_9,20,NA,NA,0,/scratch/users/dpwong/kim_barcodes/E1_mgx/fastq/,E1_MGX_m9_day20_S48
E1_MGX_m9_day21_S77,E1_9,21,NA,NA,0,/scratch/users/dpwong/kim_barcodes/E1_mgx/fastq/,E1_MGX_m9_day21_S77
E1_MGX_m9_day22_S174,E1_9,22,NA,NA,0,/scratch/users/dpwong/kim_barcodes/E1_mgx/fastq/,E1_MGX_m9_day22_S174
E1_MGX_m9_day27_S119,E1_9,27,NA,NA,0,/scratch/users/dpwong/kim_barcodes/E1_mgx/fastq/,E1_MGX_m9_day27_S119
E1_MGX_m9_day29_S192,E1_9,29,NA,NA,0,/scratch/users/dpwong/kim_barcodes/E1_mgx/fastq/,E1_MGX_m9_day29_S192
E1_MGX_m9_day2_S136,E1_9,2,NA,NA,0,/scratch/users/dpwong/kim_barcodes/E1_mgx/fastq/,E1_MGX_m9_day2_S136
E1_MGX_m9_day33_S117,E1_9,33,NA,NA,0,/scratch/users/dpwong/kim_barcodes/E1_mgx/fastq/,E1_MGX_m9_day33_S117
E1_MGX_m9_day36_S161,E1_9,36,NA,NA,0,/scratch/users/dpwong/kim_barcodes/E1_mgx/fastq/,E1_MGX_m9_day36_S161
E1_MGX_m9_day3_S193,E1_9,3,NA,NA,0,/scratch/users/dpwong/kim_barcodes/E1_mgx/fastq/,E1_MGX_m9_day3_S193
E1_MGX_m9_day40_S156,E1_9,40,NA,NA,0,/scratch/users/dpwong/kim_barcodes/E1_mgx/fastq/,E1_MGX_m9_day40_S156
E1_MGX_m9_day45_S178,E1_9,45,NA,NA,0,/scratch/users/dpwong/kim_barcodes/E1_mgx/fastq/,E1_MGX_m9_day45_S178
E1_MGX_m9_day46_S186,E1_9,46,NA,NA,0,/scratch/users/dpwong/kim_barcodes/E1_mgx/fastq/,E1_MGX_m9_day46_S186
E1_MGX_m9_day47_S195,E1_9,47,NA,NA,0,/scratch/users/dpwong/kim_barcodes/E1_mgx/fastq/,E1_MGX_m9_day47_S195
E1_MGX_m9_day48_S204,E1_9,48,NA,NA,0,/scratch/users/dpwong/kim_barcodes/E1_mgx/fastq/,E1_MGX_m9_day48_S204
E1_MGX_m9_day4_S231,E1_9,4,NA,NA,0,/scratch/users/dpwong/kim_barcodes/E1_mgx/fastq/,E1_MGX_m9_day4_S231
E1_MGX_m9_day54_S242,E1_9,54,NA,NA,0,/scratch/users/dpwong/kim_barcodes/E1_mgx/fastq/,E1_MGX_m9_day54_S242
E1_MGX_m9_day5_S11,E1_9,5,NA,NA,0,/scratch/users/dpwong/kim_barcodes/E1_mgx/fastq/,E1_MGX_m9_day5_S11
E1_MGX_m9_day6_S38,E1_9,6,NA,NA,0,/scratch/users/dpwong/kim_barcodes/E1_mgx/fastq/,E1_MGX_m9_day6_S38
E1_MGX_m9_day7_S67,E1_9,7,NA,NA,0,/scratch/users/dpwong/kim_barcodes/E1_mgx/fastq/,E1_MGX_m9_day7_S67
E1_MGX_m9_day9_S153,E1_9,9,NA,NA,0,/scratch/users/dpwong/kim_barcodes/E1_mgx/fastq/,E1_MGX_m9_day9_S153
E1_MGX_m9_daycecum_S100,E1_9,100,NA,NA,0,/scratch/users/dpwong/kim_barcodes/E1_mgx/fastq/,E1_MGX_m9_daycecum_S100
E2_MGX_113m1_day12_S1378,E2_1,12,NA,NA,0,/scratch/users/dpwong/kim_barcodes/E2_metagenomics/E2_MGX_SRA2/,E2_MGX_113m1_day12_S1378
E2_MGX_113m1_day18_S1419,E2_1,18,NA,NA,0,/scratch/users/dpwong/kim_barcodes/E2_metagenomics/E2_MGX_SRA2/,E2_MGX_113m1_day18_S1419
E2_MGX_113m1_day21_S1173,E2_1,21,NA,NA,0,/scratch/users/dpwong/kim_barcodes/E2_metagenomics/E2_MGX_SRA2/,E2_MGX_113m1_day21_S1173
E2_MGX_113m1_day25_S1197,E2_1,25,NA,NA,0,/scratch/users/dpwong/kim_barcodes/E2_metagenomics/E2_MGX_SRA2/,E2_MGX_113m1_day25_S1197
E2_MGX_113m1_day28_S1211,E2_1,28,NA,NA,0,/scratch/users/dpwong/kim_barcodes/E2_metagenomics/E2_MGX_SRA2/,E2_MGX_113m1_day28_S1211
E2_MGX_113m1_day2_S1046,E2_1,2,NA,NA,0,/scratch/users/dpwong/kim_barcodes/E2_metagenomics/E2_MGX_SRA2/,E2_MGX_113m1_day2_S1046
E2_MGX_113m1_day33_S1231,E2_1,33,NA,NA,0,/scratch/users/dpwong/kim_barcodes/E2_metagenomics/E2_MGX_SRA2/,E2_MGX_113m1_day33_S1231
E2_MGX_113m1_day35_S1244,E2_1,35,NA,NA,0,/scratch/users/dpwong/kim_barcodes/E2_metagenomics/E2_MGX_SRA2/,E2_MGX_113m1_day35_S1244
E2_MGX_113m1_day3_S1062,E2_1,3,NA,NA,0,/scratch/users/dpwong/kim_barcodes/E2_metagenomics/E2_MGX_SRA2/,E2_MGX_113m1_day3_S1062
E2_MGX_113m1_day43_S1264,E2_1,43,NA,NA,0,/scratch/users/dpwong/kim_barcodes/E2_metagenomics/E2_MGX_SRA2/,E2_MGX_113m1_day43_S1264
E2_MGX_113m1_day4_S1301,E2_1,4,NA,NA,0,/scratch/users/dpwong/kim_barcodes/E2_metagenomics/E2_MGX_SRA2/,E2_MGX_113m1_day4_S1301
E2_MGX_113m1_day50_S1275,E2_1,50,NA,NA,0,/scratch/users/dpwong/kim_barcodes/E2_metagenomics/E2_MGX_SRA2/,E2_MGX_113m1_day50_S1275
E2_MGX_113m1_day55_S1100,E2_1,55,NA,NA,0,/scratch/users/dpwong/kim_barcodes/E2_metagenomics/E2_MGX_SRA2/,E2_MGX_113m1_day55_S1100
E2_MGX_113m1_day5_S1317,E2_1,5,NA,NA,0,/scratch/users/dpwong/kim_barcodes/E2_metagenomics/E2_MGX_SRA2/,E2_MGX_113m1_day5_S1317
E2_MGX_113m1_day6_S1331,E2_1,6,NA,NA,0,/scratch/users/dpwong/kim_barcodes/E2_metagenomics/E2_MGX_SRA2/,E2_MGX_113m1_day6_S1331
E2_MGX_113m1_day7_S1345,E2_1,7,NA,NA,0,/scratch/users/dpwong/kim_barcodes/E2_metagenomics/E2_MGX_SRA2/,E2_MGX_113m1_day7_S1345
E2_MGX_113m1_day8_S1360,E2_1,8,NA,NA,0,/scratch/users/dpwong/kim_barcodes/E2_metagenomics/E2_MGX_SRA2/,E2_MGX_113m1_day8_S1360
E2_MGX_113m1_daycecum_S1102,E2_1,100,NA,NA,0,/scratch/users/dpwong/kim_barcodes/E2_metagenomics/E2_MGX_SRA2/,E2_MGX_113m1_daycecum_S1102
E2_MGX_113m1_daysmallint_S1101,E2_1,200,NA,NA,0,/scratch/users/dpwong/kim_barcodes/E2_metagenomics/E2_MGX_SRA2/,E2_MGX_113m1_daysmallint_S1101
E2_MGX_113m2_day15_S1401,E2_2,15,NA,NA,0,/scratch/users/dpwong/kim_barcodes/E2_metagenomics/E2_MGX_SRA2/,E2_MGX_113m2_day15_S1401
E2_MGX_113m2_day18_S1420,E2_2,18,NA,NA,0,/scratch/users/dpwong/kim_barcodes/E2_metagenomics/E2_MGX_SRA2/,E2_MGX_113m2_day18_S1420
E2_MGX_113m2_day28_S1212,E2_2,28,NA,NA,0,/scratch/users/dpwong/kim_barcodes/E2_metagenomics/E2_MGX_SRA2/,E2_MGX_113m2_day28_S1212
E2_MGX_113m2_day2_S1047,E2_2,2,NA,NA,0,/scratch/users/dpwong/kim_barcodes/E2_metagenomics/E2_MGX_SRA2/,E2_MGX_113m2_day2_S1047
E2_MGX_113m2_day35_S1245,E2_2,35,NA,NA,0,/scratch/users/dpwong/kim_barcodes/E2_metagenomics/E2_MGX_SRA2/,E2_MGX_113m2_day35_S1245
E2_MGX_113m2_day3_S1063,E2_2,3,NA,NA,0,/scratch/users/dpwong/kim_barcodes/E2_metagenomics/E2_MGX_SRA2/,E2_MGX_113m2_day3_S1063
E2_MGX_113m2_day43_S1265,E2_2,43,NA,NA,0,/scratch/users/dpwong/kim_barcodes/E2_metagenomics/E2_MGX_SRA2/,E2_MGX_113m2_day43_S1265
E2_MGX_113m2_day4_S1302,E2_2,4,NA,NA,0,/scratch/users/dpwong/kim_barcodes/E2_metagenomics/E2_MGX_SRA2/,E2_MGX_113m2_day4_S1302
E2_MGX_113m2_day50_S1276,E2_2,50,NA,NA,0,/scratch/users/dpwong/kim_barcodes/E2_metagenomics/E2_MGX_SRA2/,E2_MGX_113m2_day50_S1276
E2_MGX_113m2_day55_S1103,E2_2,55,NA,NA,0,/scratch/users/dpwong/kim_barcodes/E2_metagenomics/E2_MGX_SRA2/,E2_MGX_113m2_day55_S1103
E2_MGX_113m2_day5_S1318,E2_2,5,NA,NA,0,/scratch/users/dpwong/kim_barcodes/E2_metagenomics/E2_MGX_SRA2/,E2_MGX_113m2_day5_S1318
E2_MGX_113m2_day6_S1332,E2_2,6,NA,NA,0,/scratch/users/dpwong/kim_barcodes/E2_metagenomics/E2_MGX_SRA2/,E2_MGX_113m2_day6_S1332
E2_MGX_113m2_day7_S1346,E2_2,7,NA,NA,0,/scratch/users/dpwong/kim_barcodes/E2_metagenomics/E2_MGX_SRA2/,E2_MGX_113m2_day7_S1346
E2_MGX_113m2_daycecum_S1105,E2_2,100,NA,NA,0,/scratch/users/dpwong/kim_barcodes/E2_metagenomics/E2_MGX_SRA2/,E2_MGX_113m2_daycecum_S1105
E2_MGX_113m2_daysmallint_S1104,E2_2,200,NA,NA,0,/scratch/users/dpwong/kim_barcodes/E2_metagenomics/E2_MGX_SRA2/,E2_MGX_113m2_daysmallint_S1104
E2_MGX_113m3_day12_S1379,E2_3,12,NA,NA,0,/scratch/users/dpwong/kim_barcodes/E2_metagenomics/E2_MGX_SRA2/,E2_MGX_113m3_day12_S1379
E2_MGX_113m3_day15_S1403,E2_3,15,NA,NA,0,/scratch/users/dpwong/kim_barcodes/E2_metagenomics/E2_MGX_SRA2/,E2_MGX_113m3_day15_S1403
E2_MGX_113m3_day18_S1421,E2_3,18,NA,NA,0,/scratch/users/dpwong/kim_barcodes/E2_metagenomics/E2_MGX_SRA2/,E2_MGX_113m3_day18_S1421
E2_MGX_113m3_day21_S1174,E2_3,21,NA,NA,0,/scratch/users/dpwong/kim_barcodes/E2_metagenomics/E2_MGX_SRA2/,E2_MGX_113m3_day21_S1174
E2_MGX_113m3_day25_S1198,E2_3,25,NA,NA,0,/scratch/users/dpwong/kim_barcodes/E2_metagenomics/E2_MGX_SRA2/,E2_MGX_113m3_day25_S1198
E2_MGX_113m3_day28_S1213,E2_3,28,NA,NA,0,/scratch/users/dpwong/kim_barcodes/E2_metagenomics/E2_MGX_SRA2/,E2_MGX_113m3_day28_S1213
E2_MGX_113m3_day2_S1048,E2_3,2,NA,NA,0,/scratch/users/dpwong/kim_barcodes/E2_metagenomics/E2_MGX_SRA2/,E2_MGX_113m3_day2_S1048
E2_MGX_113m3_day33_S1232,E2_3,33,NA,NA,0,/scratch/users/dpwong/kim_barcodes/E2_metagenomics/E2_MGX_SRA2/,E2_MGX_113m3_day33_S1232
E2_MGX_113m3_day35_S1246,E2_3,35,NA,NA,0,/scratch/users/dpwong/kim_barcodes/E2_metagenomics/E2_MGX_SRA2/,E2_MGX_113m3_day35_S1246
E2_MGX_113m3_day3_S1064,E2_3,3,NA,NA,0,/scratch/users/dpwong/kim_barcodes/E2_metagenomics/E2_MGX_SRA2/,E2_MGX_113m3_day3_S1064
E2_MGX_113m3_day43_S1267,E2_3,43,NA,NA,0,/scratch/users/dpwong/kim_barcodes/E2_metagenomics/E2_MGX_SRA2/,E2_MGX_113m3_day43_S1267
E2_MGX_113m3_day4_S1303,E2_3,4,NA,NA,0,/scratch/users/dpwong/kim_barcodes/E2_metagenomics/E2_MGX_SRA2/,E2_MGX_113m3_day4_S1303
E2_MGX_113m3_day50_S1277,E2_3,50,NA,NA,0,/scratch/users/dpwong/kim_barcodes/E2_metagenomics/E2_MGX_SRA2/,E2_MGX_113m3_day50_S1277
E2_MGX_113m3_day55_S1106,E2_3,55,NA,NA,0,/scratch/users/dpwong/kim_barcodes/E2_metagenomics/E2_MGX_SRA2/,E2_MGX_113m3_day55_S1106
E2_MGX_113m3_day6_S1333,E2_3,6,NA,NA,0,/scratch/users/dpwong/kim_barcodes/E2_metagenomics/E2_MGX_SRA2/,E2_MGX_113m3_day6_S1333
E2_MGX_113m3_day8_S1361,E2_3,8,NA,NA,0,/scratch/users/dpwong/kim_barcodes/E2_metagenomics/E2_MGX_SRA2/,E2_MGX_113m3_day8_S1361
E2_MGX_113m3_daycecum_S1108,E2_3,100,NA,NA,0,/scratch/users/dpwong/kim_barcodes/E2_metagenomics/E2_MGX_SRA2/,E2_MGX_113m3_daycecum_S1108
E2_MGX_113m3_daysmallint_S1107,E2_3,200,NA,NA,0,/scratch/users/dpwong/kim_barcodes/E2_metagenomics/E2_MGX_SRA2/,E2_MGX_113m3_daysmallint_S1107
E2_MGX_113m4_day12_S1380,E2_4,12,NA,NA,0,/scratch/users/dpwong/kim_barcodes/E2_metagenomics/E2_MGX_SRA2/,E2_MGX_113m4_day12_S1380
E2_MGX_113m4_day15_S1404,E2_4,15,NA,NA,0,/scratch/users/dpwong/kim_barcodes/E2_metagenomics/E2_MGX_SRA2/,E2_MGX_113m4_day15_S1404
E2_MGX_113m4_day18_S1422,E2_4,18,NA,NA,0,/scratch/users/dpwong/kim_barcodes/E2_metagenomics/E2_MGX_SRA2/,E2_MGX_113m4_day18_S1422
E2_MGX_113m4_day21_S1175,E2_4,21,NA,NA,0,/scratch/users/dpwong/kim_barcodes/E2_metagenomics/E2_MGX_SRA2/,E2_MGX_113m4_day21_S1175
E2_MGX_113m4_day25_S1199,E2_4,25,NA,NA,0,/scratch/users/dpwong/kim_barcodes/E2_metagenomics/E2_MGX_SRA2/,E2_MGX_113m4_day25_S1199
E2_MGX_113m4_day28_S1214,E2_4,28,NA,NA,0,/scratch/users/dpwong/kim_barcodes/E2_metagenomics/E2_MGX_SRA2/,E2_MGX_113m4_day28_S1214
E2_MGX_113m4_day2_S1049,E2_4,2,NA,NA,0,/scratch/users/dpwong/kim_barcodes/E2_metagenomics/E2_MGX_SRA2/,E2_MGX_113m4_day2_S1049
E2_MGX_113m4_day33_S1233,E2_4,33,NA,NA,0,/scratch/users/dpwong/kim_barcodes/E2_metagenomics/E2_MGX_SRA2/,E2_MGX_113m4_day33_S1233
E2_MGX_113m4_day35_S1247,E2_4,35,NA,NA,0,/scratch/users/dpwong/kim_barcodes/E2_metagenomics/E2_MGX_SRA2/,E2_MGX_113m4_day35_S1247
E2_MGX_113m4_day3_S1065,E2_4,3,NA,NA,0,/scratch/users/dpwong/kim_barcodes/E2_metagenomics/E2_MGX_SRA2/,E2_MGX_113m4_day3_S1065
E2_MGX_113m4_day43_S1268,E2_4,43,NA,NA,0,/scratch/users/dpwong/kim_barcodes/E2_metagenomics/E2_MGX_SRA2/,E2_MGX_113m4_day43_S1268
E2_MGX_113m4_day4_S1304,E2_4,4,NA,NA,0,/scratch/users/dpwong/kim_barcodes/E2_metagenomics/E2_MGX_SRA2/,E2_MGX_113m4_day4_S1304
E2_MGX_113m4_day50_S1278,E2_4,50,NA,NA,0,/scratch/users/dpwong/kim_barcodes/E2_metagenomics/E2_MGX_SRA2/,E2_MGX_113m4_day50_S1278
E2_MGX_113m4_day55_S1109,E2_4,55,NA,NA,0,/scratch/users/dpwong/kim_barcodes/E2_metagenomics/E2_MGX_SRA2/,E2_MGX_113m4_day55_S1109
E2_MGX_113m4_day5_S1319,E2_4,5,NA,NA,0,/scratch/users/dpwong/kim_barcodes/E2_metagenomics/E2_MGX_SRA2/,E2_MGX_113m4_day5_S1319
E2_MGX_113m4_day6_S1334,E2_4,6,NA,NA,0,/scratch/users/dpwong/kim_barcodes/E2_metagenomics/E2_MGX_SRA2/,E2_MGX_113m4_day6_S1334
E2_MGX_113m4_day7_S1347,E2_4,7,NA,NA,0,/scratch/users/dpwong/kim_barcodes/E2_metagenomics/E2_MGX_SRA2/,E2_MGX_113m4_day7_S1347
E2_MGX_113m4_day8_S1362,E2_4,8,NA,NA,0,/scratch/users/dpwong/kim_barcodes/E2_metagenomics/E2_MGX_SRA2/,E2_MGX_113m4_day8_S1362
E2_MGX_113m4_daycecum_S1112,E2_4,100,NA,NA,0,/scratch/users/dpwong/kim_barcodes/E2_metagenomics/E2_MGX_SRA2/,E2_MGX_113m4_daycecum_S1112
E2_MGX_113m4_daysmallint_S1110,E2_4,200,NA,NA,0,/scratch/users/dpwong/kim_barcodes/E2_metagenomics/E2_MGX_SRA2/,E2_MGX_113m4_daysmallint_S1110
E2_MGX_113m5_day12_S1381,E2_5,12,NA,NA,0,/scratch/users/dpwong/kim_barcodes/E2_metagenomics/E2_MGX_SRA2/,E2_MGX_113m5_day12_S1381
E2_MGX_113m5_day15_S1405,E2_5,15,NA,NA,0,/scratch/users/dpwong/kim_barcodes/E2_metagenomics/E2_MGX_SRA2/,E2_MGX_113m5_day15_S1405
E2_MGX_113m5_day18_S1423,E2_5,18,NA,NA,0,/scratch/users/dpwong/kim_barcodes/E2_metagenomics/E2_MGX_SRA2/,E2_MGX_113m5_day18_S1423
E2_MGX_113m5_day21_S1176,E2_5,21,NA,NA,0,/scratch/users/dpwong/kim_barcodes/E2_metagenomics/E2_MGX_SRA2/,E2_MGX_113m5_day21_S1176
E2_MGX_113m5_day25_S1200,E2_5,25,NA,NA,0,/scratch/users/dpwong/kim_barcodes/E2_metagenomics/E2_MGX_SRA2/,E2_MGX_113m5_day25_S1200
E2_MGX_113m5_day28_S1215,E2_5,28,NA,NA,0,/scratch/users/dpwong/kim_barcodes/E2_metagenomics/E2_MGX_SRA2/,E2_MGX_113m5_day28_S1215
E2_MGX_113m5_day2_S1050,E2_5,2,NA,NA,0,/scratch/users/dpwong/kim_barcodes/E2_metagenomics/E2_MGX_SRA2/,E2_MGX_113m5_day2_S1050
E2_MGX_113m5_day33_S1234,E2_5,33,NA,NA,0,/scratch/users/dpwong/kim_barcodes/E2_metagenomics/E2_MGX_SRA2/,E2_MGX_113m5_day33_S1234
E2_MGX_113m5_day35_S1248,E2_5,35,NA,NA,0,/scratch/users/dpwong/kim_barcodes/E2_metagenomics/E2_MGX_SRA2/,E2_MGX_113m5_day35_S1248
E2_MGX_113m5_day3_S1066,E2_5,3,NA,NA,0,/scratch/users/dpwong/kim_barcodes/E2_metagenomics/E2_MGX_SRA2/,E2_MGX_113m5_day3_S1066
E2_MGX_113m5_day43_S1269,E2_5,43,NA,NA,0,/scratch/users/dpwong/kim_barcodes/E2_metagenomics/E2_MGX_SRA2/,E2_MGX_113m5_day43_S1269
E2_MGX_113m5_day4_S1306,E2_5,4,NA,NA,0,/scratch/users/dpwong/kim_barcodes/E2_metagenomics/E2_MGX_SRA2/,E2_MGX_113m5_day4_S1306
E2_MGX_113m5_day50_S1280,E2_5,50,NA,NA,0,/scratch/users/dpwong/kim_barcodes/E2_metagenomics/E2_MGX_SRA2/,E2_MGX_113m5_day50_S1280
E2_MGX_113m5_day55_S1113,E2_5,55,NA,NA,0,/scratch/users/dpwong/kim_barcodes/E2_metagenomics/E2_MGX_SRA2/,E2_MGX_113m5_day55_S1113
E2_MGX_113m5_day5_S1320,E2_5,5,NA,NA,0,/scratch/users/dpwong/kim_barcodes/E2_metagenomics/E2_MGX_SRA2/,E2_MGX_113m5_day5_S1320
E2_MGX_113m5_day6_S1335,E2_5,6,NA,NA,0,/scratch/users/dpwong/kim_barcodes/E2_metagenomics/E2_MGX_SRA2/,E2_MGX_113m5_day6_S1335
E2_MGX_113m5_day7_S1348,E2_5,7,NA,NA,0,/scratch/users/dpwong/kim_barcodes/E2_metagenomics/E2_MGX_SRA2/,E2_MGX_113m5_day7_S1348
E2_MGX_113m5_day8_S1364,E2_5,8,NA,NA,0,/scratch/users/dpwong/kim_barcodes/E2_metagenomics/E2_MGX_SRA2/,E2_MGX_113m5_day8_S1364
E2_MGX_113m5_daycecum_S1115,E2_5,100,NA,NA,0,/scratch/users/dpwong/kim_barcodes/E2_metagenomics/E2_MGX_SRA2/,E2_MGX_113m5_daycecum_S1115
E2_MGX_113m5_daysmallint_S1114,E2_5,200,NA,NA,0,/scratch/users/dpwong/kim_barcodes/E2_metagenomics/E2_MGX_SRA2/,E2_MGX_113m5_daysmallint_S1114
E2_MGX_114m10_day12_S1385,E2_10,12,NA,NA,0,/scratch/users/dpwong/kim_barcodes/E2_metagenomics/E2_MGX_SRA2/,E2_MGX_114m10_day12_S1385
E2_MGX_114m10_day15_S1410,E2_10,15,NA,NA,0,/scratch/users/dpwong/kim_barcodes/E2_metagenomics/E2_MGX_SRA2/,E2_MGX_114m10_day15_S1410
E2_MGX_114m10_day18_S1428,E2_10,18,NA,NA,0,/scratch/users/dpwong/kim_barcodes/E2_metagenomics/E2_MGX_SRA2/,E2_MGX_114m10_day18_S1428
E2_MGX_114m10_day21_S1181,E2_10,21,NA,NA,0,/scratch/users/dpwong/kim_barcodes/E2_metagenomics/E2_MGX_SRA2/,E2_MGX_114m10_day21_S1181
E2_MGX_114m10_day25_S1205,E2_10,25,NA,NA,0,/scratch/users/dpwong/kim_barcodes/E2_metagenomics/E2_MGX_SRA2/,E2_MGX_114m10_day25_S1205
E2_MGX_114m10_day28_S1220,E2_10,28,NA,NA,0,/scratch/users/dpwong/kim_barcodes/E2_metagenomics/E2_MGX_SRA2/,E2_MGX_114m10_day28_S1220
E2_MGX_114m10_day2_S1055,E2_10,2,NA,NA,0,/scratch/users/dpwong/kim_barcodes/E2_metagenomics/E2_MGX_SRA2/,E2_MGX_114m10_day2_S1055
E2_MGX_114m10_day33_S1238,E2_10,33,NA,NA,0,/scratch/users/dpwong/kim_barcodes/E2_metagenomics/E2_MGX_SRA2/,E2_MGX_114m10_day33_S1238
E2_MGX_114m10_day35_S1254,E2_10,35,NA,NA,0,/scratch/users/dpwong/kim_barcodes/E2_metagenomics/E2_MGX_SRA2/,E2_MGX_114m10_day35_S1254
E2_MGX_114m10_day3_S1071,E2_10,3,NA,NA,0,/scratch/users/dpwong/kim_barcodes/E2_metagenomics/E2_MGX_SRA2/,E2_MGX_114m10_day3_S1071
E2_MGX_114m10_day4_S1311,E2_10,4,NA,NA,0,/scratch/users/dpwong/kim_barcodes/E2_metagenomics/E2_MGX_SRA2/,E2_MGX_114m10_day4_S1311
E2_MGX_114m10_day55_S1128,E2_10,55,NA,NA,0,/scratch/users/dpwong/kim_barcodes/E2_metagenomics/E2_MGX_SRA2/,E2_MGX_114m10_day55_S1128
E2_MGX_114m10_day5_S1325,E2_10,5,NA,NA,0,/scratch/users/dpwong/kim_barcodes/E2_metagenomics/E2_MGX_SRA2/,E2_MGX_114m10_day5_S1325
E2_MGX_114m10_day6_S1340,E2_10,6,NA,NA,0,/scratch/users/dpwong/kim_barcodes/E2_metagenomics/E2_MGX_SRA2/,E2_MGX_114m10_day6_S1340
E2_MGX_114m10_day7_S1354,E2_10,7,NA,NA,0,/scratch/users/dpwong/kim_barcodes/E2_metagenomics/E2_MGX_SRA2/,E2_MGX_114m10_day7_S1354
E2_MGX_114m10_day8_S1369,E2_10,8,NA,NA,0,/scratch/users/dpwong/kim_barcodes/E2_metagenomics/E2_MGX_SRA2/,E2_MGX_114m10_day8_S1369
E2_MGX_114m10_daycecum_S1130,E2_10,100,NA,NA,0,/scratch/users/dpwong/kim_barcodes/E2_metagenomics/E2_MGX_SRA2/,E2_MGX_114m10_daycecum_S1130
E2_MGX_114m10_daysmallint_S1129,E2_10,200,NA,NA,0,/scratch/users/dpwong/kim_barcodes/E2_metagenomics/E2_MGX_SRA2/,E2_MGX_114m10_daysmallint_S1129
E2_MGX_114m6_day12_S1382,E2_6,12,NA,NA,0,/scratch/users/dpwong/kim_barcodes/E2_metagenomics/E2_MGX_SRA2/,E2_MGX_114m6_day12_S1382
E2_MGX_114m6_day15_S1406,E2_6,15,NA,NA,0,/scratch/users/dpwong/kim_barcodes/E2_metagenomics/E2_MGX_SRA2/,E2_MGX_114m6_day15_S1406
E2_MGX_114m6_day18_S1424,E2_6,18,NA,NA,0,/scratch/users/dpwong/kim_barcodes/E2_metagenomics/E2_MGX_SRA2/,E2_MGX_114m6_day18_S1424
E2_MGX_114m6_day21_S1177,E2_6,21,NA,NA,0,/scratch/users/dpwong/kim_barcodes/E2_metagenomics/E2_MGX_SRA2/,E2_MGX_114m6_day21_S1177
E2_MGX_114m6_day25_S1201,E2_6,25,NA,NA,0,/scratch/users/dpwong/kim_barcodes/E2_metagenomics/E2_MGX_SRA2/,E2_MGX_114m6_day25_S1201
E2_MGX_114m6_day28_S1216,E2_6,28,NA,NA,0,/scratch/users/dpwong/kim_barcodes/E2_metagenomics/E2_MGX_SRA2/,E2_MGX_114m6_day28_S1216
E2_MGX_114m6_day2_S1051,E2_6,2,NA,NA,0,/scratch/users/dpwong/kim_barcodes/E2_metagenomics/E2_MGX_SRA2/,E2_MGX_114m6_day2_S1051
E2_MGX_114m6_day35_S1249,E2_6,35,NA,NA,0,/scratch/users/dpwong/kim_barcodes/E2_metagenomics/E2_MGX_SRA2/,E2_MGX_114m6_day35_S1249
E2_MGX_114m6_day3_S1067,E2_6,3,NA,NA,0,/scratch/users/dpwong/kim_barcodes/E2_metagenomics/E2_MGX_SRA2/,E2_MGX_114m6_day3_S1067
E2_MGX_114m6_day4_S1307,E2_6,4,NA,NA,0,/scratch/users/dpwong/kim_barcodes/E2_metagenomics/E2_MGX_SRA2/,E2_MGX_114m6_day4_S1307
E2_MGX_114m6_day55_S1116,E2_6,55,NA,NA,0,/scratch/users/dpwong/kim_barcodes/E2_metagenomics/E2_MGX_SRA2/,E2_MGX_114m6_day55_S1116
E2_MGX_114m6_day5_S1321,E2_6,5,NA,NA,0,/scratch/users/dpwong/kim_barcodes/E2_metagenomics/E2_MGX_SRA2/,E2_MGX_114m6_day5_S1321
E2_MGX_114m6_day6_S1336,E2_6,6,NA,NA,0,/scratch/users/dpwong/kim_barcodes/E2_metagenomics/E2_MGX_SRA2/,E2_MGX_114m6_day6_S1336
E2_MGX_114m6_day7_S1349,E2_6,7,NA,NA,0,/scratch/users/dpwong/kim_barcodes/E2_metagenomics/E2_MGX_SRA2/,E2_MGX_114m6_day7_S1349
E2_MGX_114m6_day8_S1365,E2_6,8,NA,NA,0,/scratch/users/dpwong/kim_barcodes/E2_metagenomics/E2_MGX_SRA2/,E2_MGX_114m6_day8_S1365
E2_MGX_114m6_daycecum_S1118,E2_6,100,NA,NA,0,/scratch/users/dpwong/kim_barcodes/E2_metagenomics/E2_MGX_SRA2/,E2_MGX_114m6_daycecum_S1118
E2_MGX_114m6_daysmallint_S1117,E2_6,200,NA,NA,0,/scratch/users/dpwong/kim_barcodes/E2_metagenomics/E2_MGX_SRA2/,E2_MGX_114m6_daysmallint_S1117
E2_MGX_114m7_day12_S1383,E2_7,12,NA,NA,0,/scratch/users/dpwong/kim_barcodes/E2_metagenomics/E2_MGX_SRA2/,E2_MGX_114m7_day12_S1383
E2_MGX_114m7_day15_S1407,E2_7,15,NA,NA,0,/scratch/users/dpwong/kim_barcodes/E2_metagenomics/E2_MGX_SRA2/,E2_MGX_114m7_day15_S1407
E2_MGX_114m7_day18_S1425,E2_7,18,NA,NA,0,/scratch/users/dpwong/kim_barcodes/E2_metagenomics/E2_MGX_SRA2/,E2_MGX_114m7_day18_S1425
E2_MGX_114m7_day21_S1178,E2_7,21,NA,NA,0,/scratch/users/dpwong/kim_barcodes/E2_metagenomics/E2_MGX_SRA2/,E2_MGX_114m7_day21_S1178
E2_MGX_114m7_day25_S1202,E2_7,25,NA,NA,0,/scratch/users/dpwong/kim_barcodes/E2_metagenomics/E2_MGX_SRA2/,E2_MGX_114m7_day25_S1202
E2_MGX_114m7_day28_S1217,E2_7,28,NA,NA,0,/scratch/users/dpwong/kim_barcodes/E2_metagenomics/E2_MGX_SRA2/,E2_MGX_114m7_day28_S1217
E2_MGX_114m7_day2_S1052,E2_7,2,NA,NA,0,/scratch/users/dpwong/kim_barcodes/E2_metagenomics/E2_MGX_SRA2/,E2_MGX_114m7_day2_S1052
E2_MGX_114m7_day33_S1235,E2_7,33,NA,NA,0,/scratch/users/dpwong/kim_barcodes/E2_metagenomics/E2_MGX_SRA2/,E2_MGX_114m7_day33_S1235
E2_MGX_114m7_day35_S1250,E2_7,35,NA,NA,0,/scratch/users/dpwong/kim_barcodes/E2_metagenomics/E2_MGX_SRA2/,E2_MGX_114m7_day35_S1250
E2_MGX_114m7_day3_S1068,E2_7,3,NA,NA,0,/scratch/users/dpwong/kim_barcodes/E2_metagenomics/E2_MGX_SRA2/,E2_MGX_114m7_day3_S1068
E2_MGX_114m7_day4_S1308,E2_7,4,NA,NA,0,/scratch/users/dpwong/kim_barcodes/E2_metagenomics/E2_MGX_SRA2/,E2_MGX_114m7_day4_S1308
E2_MGX_114m7_day55_S1119,E2_7,55,NA,NA,0,/scratch/users/dpwong/kim_barcodes/E2_metagenomics/E2_MGX_SRA2/,E2_MGX_114m7_day55_S1119
E2_MGX_114m7_day5_S1322,E2_7,5,NA,NA,0,/scratch/users/dpwong/kim_barcodes/E2_metagenomics/E2_MGX_SRA2/,E2_MGX_114m7_day5_S1322
E2_MGX_114m7_day6_S1337,E2_7,6,NA,NA,0,/scratch/users/dpwong/kim_barcodes/E2_metagenomics/E2_MGX_SRA2/,E2_MGX_114m7_day6_S1337
E2_MGX_114m7_day7_S1351,E2_7,7,NA,NA,0,/scratch/users/dpwong/kim_barcodes/E2_metagenomics/E2_MGX_SRA2/,E2_MGX_114m7_day7_S1351
E2_MGX_114m7_day8_S1366,E2_7,8,NA,NA,0,/scratch/users/dpwong/kim_barcodes/E2_metagenomics/E2_MGX_SRA2/,E2_MGX_114m7_day8_S1366
E2_MGX_114m7_daycecum_S1121,E2_7,100,NA,NA,0,/scratch/users/dpwong/kim_barcodes/E2_metagenomics/E2_MGX_SRA2/,E2_MGX_114m7_daycecum_S1121
E2_MGX_114m7_daysmallint_S1120,E2_7,200,NA,NA,0,/scratch/users/dpwong/kim_barcodes/E2_metagenomics/E2_MGX_SRA2/,E2_MGX_114m7_daysmallint_S1120
E2_MGX_114m8_day12_S1384,E2_8,12,NA,NA,0,/scratch/users/dpwong/kim_barcodes/E2_metagenomics/E2_MGX_SRA2/,E2_MGX_114m8_day12_S1384
E2_MGX_114m8_day15_S1408,E2_8,15,NA,NA,0,/scratch/users/dpwong/kim_barcodes/E2_metagenomics/E2_MGX_SRA2/,E2_MGX_114m8_day15_S1408
E2_MGX_114m8_day18_S1426,E2_8,18,NA,NA,0,/scratch/users/dpwong/kim_barcodes/E2_metagenomics/E2_MGX_SRA2/,E2_MGX_114m8_day18_S1426
E2_MGX_114m8_day21_S1179,E2_8,21,NA,NA,0,/scratch/users/dpwong/kim_barcodes/E2_metagenomics/E2_MGX_SRA2/,E2_MGX_114m8_day21_S1179
E2_MGX_114m8_day25_S1203,E2_8,25,NA,NA,0,/scratch/users/dpwong/kim_barcodes/E2_metagenomics/E2_MGX_SRA2/,E2_MGX_114m8_day25_S1203
E2_MGX_114m8_day28_S1218,E2_8,28,NA,NA,0,/scratch/users/dpwong/kim_barcodes/E2_metagenomics/E2_MGX_SRA2/,E2_MGX_114m8_day28_S1218
E2_MGX_114m8_day2_S1053,E2_8,2,NA,NA,0,/scratch/users/dpwong/kim_barcodes/E2_metagenomics/E2_MGX_SRA2/,E2_MGX_114m8_day2_S1053
E2_MGX_114m8_day33_S1236,E2_8,33,NA,NA,0,/scratch/users/dpwong/kim_barcodes/E2_metagenomics/E2_MGX_SRA2/,E2_MGX_114m8_day33_S1236
E2_MGX_114m8_day35_S1251,E2_8,35,NA,NA,0,/scratch/users/dpwong/kim_barcodes/E2_metagenomics/E2_MGX_SRA2/,E2_MGX_114m8_day35_S1251
E2_MGX_114m8_day3_S1069,E2_8,3,NA,NA,0,/scratch/users/dpwong/kim_barcodes/E2_metagenomics/E2_MGX_SRA2/,E2_MGX_114m8_day3_S1069
E2_MGX_114m8_day4_S1309,E2_8,4,NA,NA,0,/scratch/users/dpwong/kim_barcodes/E2_metagenomics/E2_MGX_SRA2/,E2_MGX_114m8_day4_S1309
E2_MGX_114m8_day55_S1122,E2_8,55,NA,NA,0,/scratch/users/dpwong/kim_barcodes/E2_metagenomics/E2_MGX_SRA2/,E2_MGX_114m8_day55_S1122
E2_MGX_114m8_day5_S1323,E2_8,5,NA,NA,0,/scratch/users/dpwong/kim_barcodes/E2_metagenomics/E2_MGX_SRA2/,E2_MGX_114m8_day5_S1323
E2_MGX_114m8_day6_S1338,E2_8,6,NA,NA,0,/scratch/users/dpwong/kim_barcodes/E2_metagenomics/E2_MGX_SRA2/,E2_MGX_114m8_day6_S1338
E2_MGX_114m8_day7_S1352,E2_8,7,NA,NA,0,/scratch/users/dpwong/kim_barcodes/E2_metagenomics/E2_MGX_SRA2/,E2_MGX_114m8_day7_S1352
E2_MGX_114m8_day8_S1367,E2_8,8,NA,NA,0,/scratch/users/dpwong/kim_barcodes/E2_metagenomics/E2_MGX_SRA2/,E2_MGX_114m8_day8_S1367
E2_MGX_114m8_daycecum_S1124,E2_8,100,NA,NA,0,/scratch/users/dpwong/kim_barcodes/E2_metagenomics/E2_MGX_SRA2/,E2_MGX_114m8_daycecum_S1124
E2_MGX_114m8_daysmallint_S1123,E2_8,200,NA,NA,0,/scratch/users/dpwong/kim_barcodes/E2_metagenomics/E2_MGX_SRA2/,E2_MGX_114m8_daysmallint_S1123
E2_MGX_114m9_day15_S1409,E2_9,15,NA,NA,0,/scratch/users/dpwong/kim_barcodes/E2_metagenomics/E2_MGX_SRA2/,E2_MGX_114m9_day15_S1409
E2_MGX_114m9_day18_S1427,E2_9,18,NA,NA,0,/scratch/users/dpwong/kim_barcodes/E2_metagenomics/E2_MGX_SRA2/,E2_MGX_114m9_day18_S1427
E2_MGX_114m9_day21_S1180,E2_9,21,NA,NA,0,/scratch/users/dpwong/kim_barcodes/E2_metagenomics/E2_MGX_SRA2/,E2_MGX_114m9_day21_S1180
E2_MGX_114m9_day25_S1204,E2_9,25,NA,NA,0,/scratch/users/dpwong/kim_barcodes/E2_metagenomics/E2_MGX_SRA2/,E2_MGX_114m9_day25_S1204
E2_MGX_114m9_day28_S1219,E2_9,28,NA,NA,0,/scratch/users/dpwong/kim_barcodes/E2_metagenomics/E2_MGX_SRA2/,E2_MGX_114m9_day28_S1219
E2_MGX_114m9_day2_S1054,E2_9,2,NA,NA,0,/scratch/users/dpwong/kim_barcodes/E2_metagenomics/E2_MGX_SRA2/,E2_MGX_114m9_day2_S1054
E2_MGX_114m9_day33_S1237,E2_9,33,NA,NA,0,/scratch/users/dpwong/kim_barcodes/E2_metagenomics/E2_MGX_SRA2/,E2_MGX_114m9_day33_S1237
E2_MGX_114m9_day35_S1252,E2_9,35,NA,NA,0,/scratch/users/dpwong/kim_barcodes/E2_metagenomics/E2_MGX_SRA2/,E2_MGX_114m9_day35_S1252
E2_MGX_114m9_day3_S1070,E2_9,3,NA,NA,0,/scratch/users/dpwong/kim_barcodes/E2_metagenomics/E2_MGX_SRA2/,E2_MGX_114m9_day3_S1070
E2_MGX_114m9_day4_S1310,E2_9,4,NA,NA,0,/scratch/users/dpwong/kim_barcodes/E2_metagenomics/E2_MGX_SRA2/,E2_MGX_114m9_day4_S1310
E2_MGX_114m9_day55_S1125,E2_9,55,NA,NA,0,/scratch/users/dpwong/kim_barcodes/E2_metagenomics/E2_MGX_SRA2/,E2_MGX_114m9_day55_S1125
E2_MGX_114m9_day5_S1324,E2_9,5,NA,NA,0,/scratch/users/dpwong/kim_barcodes/E2_metagenomics/E2_MGX_SRA2/,E2_MGX_114m9_day5_S1324
E2_MGX_114m9_day6_S1339,E2_9,6,NA,NA,0,/scratch/users/dpwong/kim_barcodes/E2_metagenomics/E2_MGX_SRA2/,E2_MGX_114m9_day6_S1339
E2_MGX_114m9_day7_S1353,E2_9,7,NA,NA,0,/scratch/users/dpwong/kim_barcodes/E2_metagenomics/E2_MGX_SRA2/,E2_MGX_114m9_day7_S1353
E2_MGX_114m9_day8_S1368,E2_9,8,NA,NA,0,/scratch/users/dpwong/kim_barcodes/E2_metagenomics/E2_MGX_SRA2/,E2_MGX_114m9_day8_S1368
E2_MGX_114m9_daycecum_S1127,E2_9,100,NA,NA,0,/scratch/users/dpwong/kim_barcodes/E2_metagenomics/E2_MGX_SRA2/,E2_MGX_114m9_daycecum_S1127
E2_MGX_114m9_daysmallint_S1126,E2_9,200,NA,NA,0,/scratch/users/dpwong/kim_barcodes/E2_metagenomics/E2_MGX_SRA2/,E2_MGX_114m9_daysmallint_S1126
E2_MGX_116m11_day12_S1386,E2_11,12,NA,NA,0,/scratch/users/dpwong/kim_barcodes/E2_metagenomics/E2_MGX_SRA2/,E2_MGX_116m11_day12_S1386
E2_MGX_116m11_day15_S1411,E2_11,15,NA,NA,0,/scratch/users/dpwong/kim_barcodes/E2_metagenomics/E2_MGX_SRA2/,E2_MGX_116m11_day15_S1411
E2_MGX_116m11_day16_S1078,E2_11,16,NA,NA,0,/scratch/users/dpwong/kim_barcodes/E2_metagenomics/E2_MGX_SRA2/,E2_MGX_116m11_day16_S1078
E2_MGX_116m11_day17_S1083,E2_11,17,NA,NA,0,/scratch/users/dpwong/kim_barcodes/E2_metagenomics/E2_MGX_SRA2/,E2_MGX_116m11_day17_S1083
E2_MGX_116m11_day18_S1429,E2_11,18,NA,NA,0,/scratch/users/dpwong/kim_barcodes/E2_metagenomics/E2_MGX_SRA2/,E2_MGX_116m11_day18_S1429
E2_MGX_116m11_day21_S1183,E2_11,21,NA,NA,0,/scratch/users/dpwong/kim_barcodes/E2_metagenomics/E2_MGX_SRA2/,E2_MGX_116m11_day21_S1183
E2_MGX_116m11_day25_S1206,E2_11,25,NA,NA,0,/scratch/users/dpwong/kim_barcodes/E2_metagenomics/E2_MGX_SRA2/,E2_MGX_116m11_day25_S1206
E2_MGX_116m11_day28_S1221,E2_11,28,NA,NA,0,/scratch/users/dpwong/kim_barcodes/E2_metagenomics/E2_MGX_SRA2/,E2_MGX_116m11_day28_S1221
E2_MGX_116m11_day2_S1056,E2_11,2,NA,NA,0,/scratch/users/dpwong/kim_barcodes/E2_metagenomics/E2_MGX_SRA2/,E2_MGX_116m11_day2_S1056
E2_MGX_116m11_day33_S1239,E2_11,33,NA,NA,0,/scratch/users/dpwong/kim_barcodes/E2_metagenomics/E2_MGX_SRA2/,E2_MGX_116m11_day33_S1239
E2_MGX_116m11_day35_S1255,E2_11,35,NA,NA,0,/scratch/users/dpwong/kim_barcodes/E2_metagenomics/E2_MGX_SRA2/,E2_MGX_116m11_day35_S1255
E2_MGX_116m11_day3_S1073,E2_11,3,NA,NA,0,/scratch/users/dpwong/kim_barcodes/E2_metagenomics/E2_MGX_SRA2/,E2_MGX_116m11_day3_S1073
E2_MGX_116m11_day43_S1270,E2_11,43,NA,NA,0,/scratch/users/dpwong/kim_barcodes/E2_metagenomics/E2_MGX_SRA2/,E2_MGX_116m11_day43_S1270
E2_MGX_116m11_day4_S1312,E2_11,4,NA,NA,0,/scratch/users/dpwong/kim_barcodes/E2_metagenomics/E2_MGX_SRA2/,E2_MGX_116m11_day4_S1312
E2_MGX_116m11_day50_S1281,E2_11,50,NA,NA,0,/scratch/users/dpwong/kim_barcodes/E2_metagenomics/E2_MGX_SRA2/,E2_MGX_116m11_day50_S1281
E2_MGX_116m11_day55_S1131,E2_11,55,NA,NA,0,/scratch/users/dpwong/kim_barcodes/E2_metagenomics/E2_MGX_SRA2/,E2_MGX_116m11_day55_S1131
E2_MGX_116m11_day5_S1326,E2_11,5,NA,NA,0,/scratch/users/dpwong/kim_barcodes/E2_metagenomics/E2_MGX_SRA2/,E2_MGX_116m11_day5_S1326
E2_MGX_116m11_day6_S1341,E2_11,6,NA,NA,0,/scratch/users/dpwong/kim_barcodes/E2_metagenomics/E2_MGX_SRA2/,E2_MGX_116m11_day6_S1341
E2_MGX_116m11_day7_S1355,E2_11,7,NA,NA,0,/scratch/users/dpwong/kim_barcodes/E2_metagenomics/E2_MGX_SRA2/,E2_MGX_116m11_day7_S1355
E2_MGX_116m11_day8_S1370,E2_11,8,NA,NA,0,/scratch/users/dpwong/kim_barcodes/E2_metagenomics/E2_MGX_SRA2/,E2_MGX_116m11_day8_S1370
E2_MGX_116m11_daycecum_S1133,E2_11,100,NA,NA,0,/scratch/users/dpwong/kim_barcodes/E2_metagenomics/E2_MGX_SRA2/,E2_MGX_116m11_daycecum_S1133
E2_MGX_116m11_daysmallint_S1132,E2_11,200,NA,NA,0,/scratch/users/dpwong/kim_barcodes/E2_metagenomics/E2_MGX_SRA2/,E2_MGX_116m11_daysmallint_S1132
E2_MGX_116m12_day12_S1387,E2_12,12,NA,NA,0,/scratch/users/dpwong/kim_barcodes/E2_metagenomics/E2_MGX_SRA2/,E2_MGX_116m12_day12_S1387
E2_MGX_116m12_day15_S1412,E2_12,15,NA,NA,0,/scratch/users/dpwong/kim_barcodes/E2_metagenomics/E2_MGX_SRA2/,E2_MGX_116m12_day15_S1412
E2_MGX_116m12_day16_S1079,E2_12,16,NA,NA,0,/scratch/users/dpwong/kim_barcodes/E2_metagenomics/E2_MGX_SRA2/,E2_MGX_116m12_day16_S1079
E2_MGX_116m12_day17_S1084,E2_12,17,NA,NA,0,/scratch/users/dpwong/kim_barcodes/E2_metagenomics/E2_MGX_SRA2/,E2_MGX_116m12_day17_S1084
E2_MGX_116m12_day25_S1207,E2_12,25,NA,NA,0,/scratch/users/dpwong/kim_barcodes/E2_metagenomics/E2_MGX_SRA2/,E2_MGX_116m12_day25_S1207
E2_MGX_116m12_day28_S1222,E2_12,28,NA,NA,0,/scratch/users/dpwong/kim_barcodes/E2_metagenomics/E2_MGX_SRA2/,E2_MGX_116m12_day28_S1222
E2_MGX_116m12_day2_S1057,E2_12,2,NA,NA,0,/scratch/users/dpwong/kim_barcodes/E2_metagenomics/E2_MGX_SRA2/,E2_MGX_116m12_day2_S1057
E2_MGX_116m12_day33_S1240,E2_12,33,NA,NA,0,/scratch/users/dpwong/kim_barcodes/E2_metagenomics/E2_MGX_SRA2/,E2_MGX_116m12_day33_S1240
E2_MGX_116m12_day35_S1256,E2_12,35,NA,NA,0,/scratch/users/dpwong/kim_barcodes/E2_metagenomics/E2_MGX_SRA2/,E2_MGX_116m12_day35_S1256
E2_MGX_116m12_day3_S1074,E2_12,3,NA,NA,0,/scratch/users/dpwong/kim_barcodes/E2_metagenomics/E2_MGX_SRA2/,E2_MGX_116m12_day3_S1074
E2_MGX_116m12_day43_S1271,E2_12,43,NA,NA,0,/scratch/users/dpwong/kim_barcodes/E2_metagenomics/E2_MGX_SRA2/,E2_MGX_116m12_day43_S1271
E2_MGX_116m12_day4_S1313,E2_12,4,NA,NA,0,/scratch/users/dpwong/kim_barcodes/E2_metagenomics/E2_MGX_SRA2/,E2_MGX_116m12_day4_S1313
E2_MGX_116m12_day50_S1282,E2_12,50,NA,NA,0,/scratch/users/dpwong/kim_barcodes/E2_metagenomics/E2_MGX_SRA2/,E2_MGX_116m12_day50_S1282
E2_MGX_116m12_day55_S1134,E2_12,55,NA,NA,0,/scratch/users/dpwong/kim_barcodes/E2_metagenomics/E2_MGX_SRA2/,E2_MGX_116m12_day55_S1134
E2_MGX_116m12_day5_S1327,E2_12,5,NA,NA,0,/scratch/users/dpwong/kim_barcodes/E2_metagenomics/E2_MGX_SRA2/,E2_MGX_116m12_day5_S1327
E2_MGX_116m12_day7_S1356,E2_12,7,NA,NA,0,/scratch/users/dpwong/kim_barcodes/E2_metagenomics/E2_MGX_SRA2/,E2_MGX_116m12_day7_S1356
E2_MGX_116m12_day8_S1371,E2_12,8,NA,NA,0,/scratch/users/dpwong/kim_barcodes/E2_metagenomics/E2_MGX_SRA2/,E2_MGX_116m12_day8_S1371
E2_MGX_116m12_daycecum_S1136,E2_12,100,NA,NA,0,/scratch/users/dpwong/kim_barcodes/E2_metagenomics/E2_MGX_SRA2/,E2_MGX_116m12_daycecum_S1136
E2_MGX_116m12_daysmallint_S1135,E2_12,200,NA,NA,0,/scratch/users/dpwong/kim_barcodes/E2_metagenomics/E2_MGX_SRA2/,E2_MGX_116m12_daysmallint_S1135
E2_MGX_116m13_day12_S1388,E2_13,12,NA,NA,0,/scratch/users/dpwong/kim_barcodes/E2_metagenomics/E2_MGX_SRA2/,E2_MGX_116m13_day12_S1388
E2_MGX_116m13_day15_S1413,E2_13,15,NA,NA,0,/scratch/users/dpwong/kim_barcodes/E2_metagenomics/E2_MGX_SRA2/,E2_MGX_116m13_day15_S1413
E2_MGX_116m13_day16_S1080,E2_13,16,NA,NA,0,/scratch/users/dpwong/kim_barcodes/E2_metagenomics/E2_MGX_SRA2/,E2_MGX_116m13_day16_S1080
E2_MGX_116m13_day17_S1086,E2_13,17,NA,NA,0,/scratch/users/dpwong/kim_barcodes/E2_metagenomics/E2_MGX_SRA2/,E2_MGX_116m13_day17_S1086
E2_MGX_116m13_day21_S1184,E2_13,21,NA,NA,0,/scratch/users/dpwong/kim_barcodes/E2_metagenomics/E2_MGX_SRA2/,E2_MGX_116m13_day21_S1184
E2_MGX_116m13_day28_S1223,E2_13,28,NA,NA,0,/scratch/users/dpwong/kim_barcodes/E2_metagenomics/E2_MGX_SRA2/,E2_MGX_116m13_day28_S1223
E2_MGX_116m13_day2_S1058,E2_13,2,NA,NA,0,/scratch/users/dpwong/kim_barcodes/E2_metagenomics/E2_MGX_SRA2/,E2_MGX_116m13_day2_S1058
E2_MGX_116m13_day33_S1241,E2_13,33,NA,NA,0,/scratch/users/dpwong/kim_barcodes/E2_metagenomics/E2_MGX_SRA2/,E2_MGX_116m13_day33_S1241
E2_MGX_116m13_day3_S1075,E2_13,3,NA,NA,0,/scratch/users/dpwong/kim_barcodes/E2_metagenomics/E2_MGX_SRA2/,E2_MGX_116m13_day3_S1075
E2_MGX_116m13_day43_S1272,E2_13,43,NA,NA,0,/scratch/users/dpwong/kim_barcodes/E2_metagenomics/E2_MGX_SRA2/,E2_MGX_116m13_day43_S1272
E2_MGX_116m13_day4_S1314,E2_13,4,NA,NA,0,/scratch/users/dpwong/kim_barcodes/E2_metagenomics/E2_MGX_SRA2/,E2_MGX_116m13_day4_S1314
E2_MGX_116m13_day50_S1283,E2_13,50,NA,NA,0,/scratch/users/dpwong/kim_barcodes/E2_metagenomics/E2_MGX_SRA2/,E2_MGX_116m13_day50_S1283
E2_MGX_116m13_day55_S1137,E2_13,55,NA,NA,0,/scratch/users/dpwong/kim_barcodes/E2_metagenomics/E2_MGX_SRA2/,E2_MGX_116m13_day55_S1137
E2_MGX_116m13_day5_S1328,E2_13,5,NA,NA,0,/scratch/users/dpwong/kim_barcodes/E2_metagenomics/E2_MGX_SRA2/,E2_MGX_116m13_day5_S1328
E2_MGX_116m13_day6_S1342,E2_13,6,NA,NA,0,/scratch/users/dpwong/kim_barcodes/E2_metagenomics/E2_MGX_SRA2/,E2_MGX_116m13_day6_S1342
E2_MGX_116m13_day7_S1357,E2_13,7,NA,NA,0,/scratch/users/dpwong/kim_barcodes/E2_metagenomics/E2_MGX_SRA2/,E2_MGX_116m13_day7_S1357
E2_MGX_116m13_daycecum_S1139,E2_13,100,NA,NA,0,/scratch/users/dpwong/kim_barcodes/E2_metagenomics/E2_MGX_SRA2/,E2_MGX_116m13_daycecum_S1139
E2_MGX_116m13_daysmallint_S1138,E2_13,200,NA,NA,0,/scratch/users/dpwong/kim_barcodes/E2_metagenomics/E2_MGX_SRA2/,E2_MGX_116m13_daysmallint_S1138
E2_MGX_116m14_day12_S1390,E2_14,12,NA,NA,0,/scratch/users/dpwong/kim_barcodes/E2_metagenomics/E2_MGX_SRA2/,E2_MGX_116m14_day12_S1390
E2_MGX_116m14_day15_S1414,E2_14,15,NA,NA,0,/scratch/users/dpwong/kim_barcodes/E2_metagenomics/E2_MGX_SRA2/,E2_MGX_116m14_day15_S1414
E2_MGX_116m14_day16_S1081,E2_14,16,NA,NA,0,/scratch/users/dpwong/kim_barcodes/E2_metagenomics/E2_MGX_SRA2/,E2_MGX_116m14_day16_S1081
E2_MGX_116m14_day17_S1087,E2_14,17,NA,NA,0,/scratch/users/dpwong/kim_barcodes/E2_metagenomics/E2_MGX_SRA2/,E2_MGX_116m14_day17_S1087
E2_MGX_116m14_day21_S1185,E2_14,21,NA,NA,0,/scratch/users/dpwong/kim_barcodes/E2_metagenomics/E2_MGX_SRA2/,E2_MGX_116m14_day21_S1185
E2_MGX_116m14_day25_S1209,E2_14,25,NA,NA,0,/scratch/users/dpwong/kim_barcodes/E2_metagenomics/E2_MGX_SRA2/,E2_MGX_116m14_day25_S1209
E2_MGX_116m14_day28_S1224,E2_14,28,NA,NA,0,/scratch/users/dpwong/kim_barcodes/E2_metagenomics/E2_MGX_SRA2/,E2_MGX_116m14_day28_S1224
E2_MGX_116m14_day2_S1060,E2_14,2,NA,NA,0,/scratch/users/dpwong/kim_barcodes/E2_metagenomics/E2_MGX_SRA2/,E2_MGX_116m14_day2_S1060
E2_MGX_116m14_day33_S1242,E2_14,33,NA,NA,0,/scratch/users/dpwong/kim_barcodes/E2_metagenomics/E2_MGX_SRA2/,E2_MGX_116m14_day33_S1242
E2_MGX_116m14_day35_S1257,E2_14,35,NA,NA,0,/scratch/users/dpwong/kim_barcodes/E2_metagenomics/E2_MGX_SRA2/,E2_MGX_116m14_day35_S1257
E2_MGX_116m14_day3_S1076,E2_14,3,NA,NA,0,/scratch/users/dpwong/kim_barcodes/E2_metagenomics/E2_MGX_SRA2/,E2_MGX_116m14_day3_S1076
E2_MGX_116m14_day43_S1273,E2_14,43,NA,NA,0,/scratch/users/dpwong/kim_barcodes/E2_metagenomics/E2_MGX_SRA2/,E2_MGX_116m14_day43_S1273
E2_MGX_116m14_day4_S1315,E2_14,4,NA,NA,0,/scratch/users/dpwong/kim_barcodes/E2_metagenomics/E2_MGX_SRA2/,E2_MGX_116m14_day4_S1315
E2_MGX_116m14_day50_S1284,E2_14,50,NA,NA,0,/scratch/users/dpwong/kim_barcodes/E2_metagenomics/E2_MGX_SRA2/,E2_MGX_116m14_day50_S1284
E2_MGX_116m14_day55_S1140,E2_14,55,NA,NA,0,/scratch/users/dpwong/kim_barcodes/E2_metagenomics/E2_MGX_SRA2/,E2_MGX_116m14_day55_S1140
E2_MGX_116m14_day5_S1329,E2_14,5,NA,NA,0,/scratch/users/dpwong/kim_barcodes/E2_metagenomics/E2_MGX_SRA2/,E2_MGX_116m14_day5_S1329
E2_MGX_116m14_day6_S1343,E2_14,6,NA,NA,0,/scratch/users/dpwong/kim_barcodes/E2_metagenomics/E2_MGX_SRA2/,E2_MGX_116m14_day6_S1343
E2_MGX_116m14_day7_S1358,E2_14,7,NA,NA,0,/scratch/users/dpwong/kim_barcodes/E2_metagenomics/E2_MGX_SRA2/,E2_MGX_116m14_day7_S1358
E2_MGX_116m14_day8_S1372,E2_14,8,NA,NA,0,/scratch/users/dpwong/kim_barcodes/E2_metagenomics/E2_MGX_SRA2/,E2_MGX_116m14_day8_S1372
E2_MGX_116m14_daycecum_S1142,E2_14,100,NA,NA,0,/scratch/users/dpwong/kim_barcodes/E2_metagenomics/E2_MGX_SRA2/,E2_MGX_116m14_daycecum_S1142
E2_MGX_116m14_daysmallint_S1141,E2_14,200,NA,NA,0,/scratch/users/dpwong/kim_barcodes/E2_metagenomics/E2_MGX_SRA2/,E2_MGX_116m14_daysmallint_S1141
E2_MGX_116m15_day12_S1391,E2_15,12,NA,NA,0,/scratch/users/dpwong/kim_barcodes/E2_metagenomics/E2_MGX_SRA2/,E2_MGX_116m15_day12_S1391
E2_MGX_116m15_day15_S1415,E2_15,15,NA,NA,0,/scratch/users/dpwong/kim_barcodes/E2_metagenomics/E2_MGX_SRA2/,E2_MGX_116m15_day15_S1415
E2_MGX_116m15_day16_S1082,E2_15,16,NA,NA,0,/scratch/users/dpwong/kim_barcodes/E2_metagenomics/E2_MGX_SRA2/,E2_MGX_116m15_day16_S1082
E2_MGX_116m15_day17_S1088,E2_15,17,NA,NA,0,/scratch/users/dpwong/kim_barcodes/E2_metagenomics/E2_MGX_SRA2/,E2_MGX_116m15_day17_S1088
E2_MGX_116m15_day21_S1186,E2_15,21,NA,NA,0,/scratch/users/dpwong/kim_barcodes/E2_metagenomics/E2_MGX_SRA2/,E2_MGX_116m15_day21_S1186
E2_MGX_116m15_day25_S1210,E2_15,25,NA,NA,0,/scratch/users/dpwong/kim_barcodes/E2_metagenomics/E2_MGX_SRA2/,E2_MGX_116m15_day25_S1210
E2_MGX_116m15_day28_S1225,E2_15,28,NA,NA,0,/scratch/users/dpwong/kim_barcodes/E2_metagenomics/E2_MGX_SRA2/,E2_MGX_116m15_day28_S1225
E2_MGX_116m15_day2_S1061,E2_15,2,NA,NA,0,/scratch/users/dpwong/kim_barcodes/E2_metagenomics/E2_MGX_SRA2/,E2_MGX_116m15_day2_S1061
E2_MGX_116m15_day33_S1243,E2_15,33,NA,NA,0,/scratch/users/dpwong/kim_barcodes/E2_metagenomics/E2_MGX_SRA2/,E2_MGX_116m15_day33_S1243
E2_MGX_116m15_day35_S1258,E2_15,35,NA,NA,0,/scratch/users/dpwong/kim_barcodes/E2_metagenomics/E2_MGX_SRA2/,E2_MGX_116m15_day35_S1258
E2_MGX_116m15_day3_S1077,E2_15,3,NA,NA,0,/scratch/users/dpwong/kim_barcodes/E2_metagenomics/E2_MGX_SRA2/,E2_MGX_116m15_day3_S1077
E2_MGX_116m15_day43_S1274,E2_15,43,NA,NA,0,/scratch/users/dpwong/kim_barcodes/E2_metagenomics/E2_MGX_SRA2/,E2_MGX_116m15_day43_S1274
E2_MGX_116m15_day4_S1316,E2_15,4,NA,NA,0,/scratch/users/dpwong/kim_barcodes/E2_metagenomics/E2_MGX_SRA2/,E2_MGX_116m15_day4_S1316
E2_MGX_116m15_day50_S1285,E2_15,50,NA,NA,0,/scratch/users/dpwong/kim_barcodes/E2_metagenomics/E2_MGX_SRA2/,E2_MGX_116m15_day50_S1285
E2_MGX_116m15_day55_S1143,E2_15,55,NA,NA,0,/scratch/users/dpwong/kim_barcodes/E2_metagenomics/E2_MGX_SRA2/,E2_MGX_116m15_day55_S1143
E2_MGX_116m15_day5_S1330,E2_15,5,NA,NA,0,/scratch/users/dpwong/kim_barcodes/E2_metagenomics/E2_MGX_SRA2/,E2_MGX_116m15_day5_S1330
E2_MGX_116m15_day6_S1344,E2_15,6,NA,NA,0,/scratch/users/dpwong/kim_barcodes/E2_metagenomics/E2_MGX_SRA2/,E2_MGX_116m15_day6_S1344
E2_MGX_116m15_day7_S1359,E2_15,7,NA,NA,0,/scratch/users/dpwong/kim_barcodes/E2_metagenomics/E2_MGX_SRA2/,E2_MGX_116m15_day7_S1359
E2_MGX_116m15_day8_S1373,E2_15,8,NA,NA,0,/scratch/users/dpwong/kim_barcodes/E2_metagenomics/E2_MGX_SRA2/,E2_MGX_116m15_day8_S1373
E2_MGX_116m15_daycecum_S1145,E2_15,100,NA,NA,0,/scratch/users/dpwong/kim_barcodes/E2_metagenomics/E2_MGX_SRA2/,E2_MGX_116m15_daycecum_S1145
E2_MGX_116m15_daysmallint_S1144,E2_15,200,NA,NA,0,/scratch/users/dpwong/kim_barcodes/E2_metagenomics/E2_MGX_SRA2/,E2_MGX_116m15_daysmallint_S1144
E2_MGX_Set1_day0_S1725,E2_6;E2_1,0,NA,NA,0,/scratch/users/dpwong/kim_barcodes/E2_metagenomics/E2_MGX_SRA2/,E2_MGX_Set1_day0_S1725
E2_MGX_Set2_day0_S1737,E2_2;E2_7,0,NA,NA,0,/scratch/users/dpwong/kim_barcodes/E2_metagenomics/E2_MGX_SRA2/,E2_MGX_Set2_day0_S1737
E2_MGX_Set3_day0_S1749,E2_8;E2_3,0,NA,NA,0,/scratch/users/dpwong/kim_barcodes/E2_metagenomics/E2_MGX_SRA2/,E2_MGX_Set3_day0_S1749
E2_MGX_Set4_day0_S1761,E2_9;E2_4,0,NA,NA,0,/scratch/users/dpwong/kim_barcodes/E2_metagenomics/E2_MGX_SRA2/,E2_MGX_Set4_day0_S1761
E2_MGX_Set5_day0_S1773,E2_5;E2_10,0,NA,NA,0,/scratch/users/dpwong/kim_barcodes/E2_metagenomics/E2_MGX_SRA2/,E2_MGX_Set5_day0_S1773
E2_MGX_comm_day0_S1694,E2_12;E2_11;E2_15;E2_14;E2_13,0,NA,NA,0,/scratch/users/dpwong/kim_barcodes/E2_metagenomics/E2_MGX_SRA2/,E2_MGX_comm_day0_S1694
