barcode	mouse	day	clone
TCCGTTAACCTTCATAGTTG	4	51	23
	5	51	12
	5	51	14
	5	51	16
	6	17	1
	6	17	2
	6	17	3
	6	17	6
	6	17	8
	6	17	9
	6	17	12
	6	17	26
	6	17	29
	6	17	31
	6	36	27
	6	51	7
	7	17	3
	7	17	8
	7	17	10
	7	17	18
	7	17	24
	7	17	25
	7	17	27
	7	17	35
	7	51	16
	8	17	2
	8	17	4
	8	17	5
	8	17	8
	8	17	10
	8	17	11
	8	17	12
	8	17	13
	8	17	15
	8	17	16
	8	17	19
	8	17	20
	8	17	24
	8	36	16
	8	36	19
	8	36	24
	8	36	28
	8	36	32
	8	36	33
	8	36	34
	8	36	35
	9	17	1
	9	17	9
	9	17	12
	9	17	13
	9	17	14
	9	17	18
	9	17	19
	9	17	24
	9	36	28
	9	51	1
	10	17	20
	10	17	25
	10	17	28
	10	17	31
	10	17	34
	10	17	36
	10	51	15
AATCATTTCTCCTCACCTTA	1	17	26
	1	17	29
	1	17	34
	1	36	11
	1	36	20
	1	36	24
	1	36	31
	1	36	33
	1	36	36
	2	17	13
	2	17	14
	2	17	15
	2	17	24
	2	17	28
	2	17	29
	2	17	31
	2	17	35
	2	36	13
	2	36	19
	2	51	13
	2	51	14
	2	51	15
	2	51	19
	2	51	23
	4	17	15
	4	17	17
	4	17	19
	4	17	23
	4	36	26
	7	17	2
	7	36	29
GAATACTCTTCCTAGCTGCC	11	36	25
	11	36	33
	11	51	1
	11	51	2
	11	51	3
	11	51	4
	11	51	10
	12	17	13
ATGAACAACCTCAGCCGAGC	11	17	18
	11	17	31
	11	17	32
	11	17	33
	11	17	36
	11	36	36
	12	17	7
	12	17	8
	12	17	11
	12	17	12
	12	17	24
	12	36	1
	12	36	2
	12	36	4
	12	36	5
	12	36	16
	12	36	19
	12	36	20
	12	36	22
	12	36	23
	12	51	4
	12	51	9
	12	51	12
	12	51	18
	12	51	19
GCCTTATAAATCTGGCTCTT	1	51	2
	1	51	4
	1	51	7
	1	51	9
	1	51	11
	1	51	14
	1	51	15
	1	51	16
	1	51	18
	1	51	20
	1	51	22
	1	51	23
	2	51	16
	2	51	18
	2	51	20
	2	51	24
	3	51	1
	3	51	2
	3	51	6
	3	51	9
	3	51	10
	3	51	11
	4	51	13
	4	51	15
	4	51	16
	4	51	18
	4	51	19
	4	51	22
	4	51	24
	5	36	16
	5	51	1
	5	51	3
	5	51	7
	5	51	10
	5	51	18
	5	51	19
	5	51	22
	5	51	23
	6	51	1
	6	51	2
	6	51	8
	6	51	10
	6	51	12
	7	36	9
	7	36	26
	7	36	31
	7	36	32
	7	51	18
	7	51	20
	7	51	22
	7	51	23
CGGTCACGGTTAGTAATTCG	11	17	21
CCGTTACATGCGTTCTTGGT	1	17	14
	3	51	3
	4	36	27
	5	17	27
	5	36	1
	5	36	4
	5	36	10
	5	36	20
	5	36	26
	5	36	28
	5	36	30
	6	36	26
AGATCATATTGTATATGTTG	9	17	2
AATATACGGTTCCTTCCTGC	2	17	26
	2	36	14
TTGTTGATGTTCCGGGTTTT	5	17	29
TCCTTCCGCGAAAATACTAC	1	17	30
	2	17	21
	2	36	15
	5	17	36
	7	17	21
TCTTATCACAACTATCTTTC	12	51	2
	12	51	6
	12	51	8
	12	51	13
	12	51	15
CGGTTGCGGTATTACAAGTC	1	17	5
	1	17	7
	1	17	17
	1	17	18
	1	17	19
	1	17	23
	1	17	24
	1	17	33
	1	36	7
	1	36	12
	1	36	13
	1	36	25
	1	36	32
	1	51	1
	1	51	3
	1	51	8
	1	51	10
	1	51	19
	3	17	20
	3	17	22
	3	36	27
	3	36	28
	3	36	30
	3	51	4
	3	51	7
	3	51	12
	4	36	35
	5	17	24
	5	36	3
	5	36	14
	5	36	25
	5	36	35
	5	51	11
	5	51	13
	5	51	15
	5	51	20
	6	17	4
	6	36	31
	6	36	32
	6	36	34
TTCCGTTCTAGTGCTAGAGG	9	17	3
AGTTTTGGCAGATAGAAGAC	11	17	20
TTGTTCTCCATGTAATTTAC	11	17	34
	12	36	3
	12	51	7
TTTAAGCCAGGGCAGTGTAA	12	36	7
	12	36	8
	12	36	12
	12	36	15
	12	36	18
	12	36	21
	12	51	3
	12	51	16
	12	51	20
AGACGACAATATCCACTTTC	1	51	6
	2	51	22
	3	17	33
	5	36	33
	5	51	4
	5	51	9
	5	51	24
	6	36	29
	6	36	30
	6	51	9
	6	51	11
	7	51	24
TGGAGCCGCCTCACACATTC	6	17	32
	6	17	34
	8	17	9
	8	17	23
CTCTCTCTGGAATATCAAAG	11	51	7
CAGCAGCAATCACAGGCGAT	6	51	3
	7	36	5
	7	36	28
AGACTTTACCGACTACTGGC	4	51	14
	6	36	28
	7	36	1
	7	36	6
	7	36	36
	7	51	14
	7	51	15
AGTCTCCATCATAGACTGCA	12	51	1
	12	51	11
ACACGTATCCTTAATATTAG	2	36	16
	2	36	18
	4	17	34
GGAATATAATACCATATGTC	12	36	14
	12	51	10
	12	51	22
ACTATGCTTTCTCCTGGACT	10	17	19
TGCTCCCAGTCCTGATAGAT	11	17	23
TCAAACCCTGGCTGTCCTCA	11	51	6
AGACCACCGATAATGAGAAC	9	17	20
TGGCGATCTACCCGATTGCA	11	17	27
TTTTTTATCACTCCAAGGTC	10	17	35
ACTCGCACACTACACGATGT	12	51	14
CTTCGTATACTCCTCCCCGG	1	17	28
	4	17	29
ACATTGTTTACAGCCACACA	4	17	28
AATAAGATCCGACAATATAC	3	17	21
	3	36	29
CATTGACGGACTATCACTAT	9	17	5
GGGTTTCAGATCGGACGCAT	9	17	21
CGACACGTAGTACAGGCACA	9	17	23
GTAGACAATTGGGTGCGCTA	11	17	30
GTGATCTCTCATTGTACACA	9	17	7
AAAATTCAATGGCTCCGTAC	4	17	16
AAGTGATGGAGAGATCACTG	9	17	6
AACTATATTCAGCTCAACTC	8	17	18
AGACCGGTTTGCATGCCCAC	10	36	25
GGACGTAATCCGATCACACA	12	9	16
	12	9	21
	12	36	13
TGCTTCCGGCTTGGAAACCG	8	36	13
	8	36	14
	8	36	15
	8	36	23
	8	36	25
	8	36	26
	8	36	27
	8	36	29
	8	36	30
	8	36	31
	8	36	36
	9	51	2
	9	51	3
	9	51	6
	9	51	7
	9	51	10
	9	51	11
	9	51	12
	10	51	16
	10	51	17
	10	51	18
	10	51	19
	10	51	20
	10	51	22
	10	51	23
	10	51	24
ATTTTTGTCGTCGAATCATG	9	36	29
	9	36	30
	9	36	32
	9	36	33
	9	36	34
	10	36	30
	10	36	33
	10	51	13
GTCCACTTCGTGAATTACCG	8	17	3
TATGTCTTAATGCACAACAT	7	17	4
	7	17	32
CACCTCAAATTCCCTCTCGT	7	17	28
CCGAGAGCGCGTATAAATTA	2	17	17
AACTACTCTTTGCATTTCCG	9	36	31
	10	36	32
ATGCTAAGACGCGACATGAT	1	51	12
	1	51	24
ACCGTTCTCCCGAAAATGCG	12	9	8
TACTCCACCCTCTCATTACA	8	36	17
	8	36	21
TTCAGCCTCTGGAAACTACG	9	36	27
CAGCATAGCTTTCCTGGTAA	7	17	7
CGGAACCGTTACACATTCTC	6	17	10
CCGCAACTTTATAGCGTTCC	6	36	33
	7	17	16
CGGTATGTACGATAACTAAC	1	36	10
CAAGTCAACCGACAGATACT	9	36	26
AGCACTTACCACGTTAGCAA	12	9	9
GGTCAGTTAAACGCGTAGCC	12	9	14
TATGTACTCCTCTTCGTGTT	9	17	15
	10	36	27
AACAGTGAATTAAGGCATTT	11	36	31
TGCCCATACCAGACTCCTCA	11	36	30
	12	9	1
	12	9	10
TTACAGATAAATCCTTCAAT	4	51	20
CAAGAGCGATATTTGTTGAG	7	17	13
GATCTTCCCCGGCTCGGCGC	1	36	16
	1	36	28
AAACACGGTTTCCAGAATCA	6	17	28
GACGGAACAAACTCGATATA	3	17	17
TTCCTTTCATCGACAGCTTG	9	51	4
TTTATTTGTCAGTTTGGATG	11	36	32
GGAGCTTCTACTGAATTTAT	12	9	13
ATTCCGAACAGTTCGTTAAA	4	36	28
TCTTCAGATATAAGCTATCT	3	17	29
CCCCCTACTTGCAGGCTAAG	7	17	11
GAATCGCCACTCGTAAGCCA	5	36	13
TTTACGTAACTAGCGTTGTT	4	36	29
ATCGCTCGTTACGCTCTCCT	12	17	23
CTTGAATAATCCTTCTGATA	10	36	35
CCATTAAACGTGATTTTGTG	12	9	23
CCAGTAATTATTAATGACCC	12	9	2
CGGCTATCCATATGCAACTT	3	17	31
AAGCACTCTCCCTCCTTAAT	3	17	19
CAGTACTCCTTAAATTTTTC	7	17	34
CGGCATTACCCTATCCCTCC	7	17	20
ATCGGTTGGCATTTACTCCC	6	17	27
TTCGTCAACCGTACACTACG	1	36	26
AGCGTTATCCTAGGCTGTGC	6	17	33
GACACCCTCTTGATGACCAA	12	17	5
CTCCCGTAAACCCCTGACTG	3	17	18
AAAGTTCGGGTCTCCATTGT	4	36	31
CTCATGCCGGCAACCATGCC	12	9	22
TAGTTTCCGGCCCCGATGCG	9	51	9
CAAAACCCTCTGAGCTATCG	11	36	29
TGTAGTAGGCATAATAACCC	1	51	13
TTAACACGAATTCATGATGC	12	9	20
AATGTTTATAGTAAGCCAAC	2	17	20
TAGACTTGGTCCATGCGGCT	2	17	34
ATCACTTCACACTAGCTCCT	4	36	33
AATAACCAATTGCTTCTCCC	3	17	32
GCTTTCCCGTTCCCACCTGG	7	17	23
CATGTATGCTCTTGGGGCTT	6	17	30
GGTCCACTCGAGATATATCT	7	17	36
GTACGCATCCCTCTCATATC	6	36	25
	7	17	22
	10	36	29
TTGCGTACTCAGTATAACCC	1	36	19
TGGTAATGAAGATTCAATGA	12	9	4
CGCTGCAACTACGCACGGCA	2	17	19
ACCCGTCCTGTACGCAGATC	3	17	23
ATTCCCCCGGATATCACACC	1	36	21
CTGAAAGTGAACTCGTGCTC	7	17	26
GACTTTACGAAACCATGGCA	1	36	35
AGATAATCTCGGGCAGTATT	12	17	3
CGCATACGTACCCTAAACCA	6	17	35
TTGGTGAGCGGCCATAGGTC	3	17	36
GGGTACGCCCTTGAGTTTCT	12	9	18
ATCACTGCGGATAAGGGAAT	12	9	24
TTCGGAAGGCGACACTTCCC	3	17	34
AAACAACCTCTATCTCTAAA	7	17	19
GATGTCTCTTCATCACCCTT	6	17	36
AAACATCTGAATAGACTGCT	7	17	9
AACTTCTCTCCGACTCTACG	4	36	34
TATGCAAGATTAGTTACTAT	12	9	6
ACAAACATATCAGTGCTCTC	10	36	28
CATGGTGATTTACGGCCTCC	1	17	2
CAATTCTATATGACGAGTCT	11	17	28
TACGTAATCTACGGCGCCTT	1	17	31
TGGCTTGGCCACTTCAAACA	5	17	20
CTTTATCGTCCATCACAAGG	2	36	21
TAACATCCCGCCATTTTCGA	4	17	32
GCTGTTATGTAATCGTTCTG	4	17	33
GGCCGTAGTCAGAATCTCCC	5	17	35
ACGCGTGTACGATAACTACA	2	36	20
	3	36	35
GTCCGTCTCCCAGCACTACC	1	17	3
CTCTACTCTCCTAATTCCCT	2	51	17
CTAATTCTACCTTGTGTGCT	8	17	14
TTAAGGGCCCTCTCAATGTT	1	17	1
CAGCAACTACTCAGGCGCGA	11	17	17
ATGCACCTTATTTCATCGGC	1	17	32
GGATAGGCAAACGAGGGACC	9	17	8
ACCTCTCCGCAACACTTTTT	12	51	24
GGCCCTTACGTTTCAGCTAC	4	17	31
	4	17	36
CAAACTATTGCGACACTCTA	3	36	25
ATCGAGGGCTTATTAAACAT	4	17	30
ACGCACCTTTACTCTACTGC	9	17	11
AGATCACGGTCATTTAACGT	1	17	4
TTTGGTTAATCCCTACTACC	4	17	21
ATGGAGATCTTTCAGATACT	4	17	35
CAGAACCTGTCCCTGGTTCA	5	17	33
AGAGTTTATAAGGCAGTGTC	1	17	36
GCACGCTCGTTTGAAACACT	9	17	16
CGACTGAATCGTGTTAATCG	1	17	20
TCAAGTAAATATATAATTTC	7	36	33
CAATACCGACGACAGCTACA	2	36	24
ACAAGGACCTACAAGCTACA	4	17	22
GGCTCTCATAACACTGACTA	12	51	23
TCGACTCCACGACCCCGCTA	1	17	35
GAGCCTCCCTGAGATACCGA	10	17	16
ATTATGTCTCTACTGTCACC	9	17	17
AATACTTACGTAAGACCTTG	11	51	9
